applicant_id,nationality,ethnicity,religion,marital_status,employment_status,age,annual_income,credit_score,loan_amount,debt_to_income,default_probability_true,defaulted,predicted_default_probability,approved
1,India,Group_B,None/Not disclosed,single,full_time,38,65740.62,529,9316.56,0.42,0.5512973846689982,1,0.5481421992664518,0
2,Germany,Group_D,Religion_C,married,full_time,23,65765.61,654,28118.66,0.197,0.2721698719086295,0,0.28614754468949344,1
3,India,Group_A,Religion_A,married,part_time,36,21892.15,663,18248.44,0.254,0.3522237081207963,0,0.3881655381405772,1
4,Canada,Group_A,Religion_C,married,full_time,27,72185.75,573,11959.4,0.053,0.2314804644285524,1,0.27307647610786695,1
5,US,Group_C,Religion_A,single,full_time,35,30548.77,645,22967.32,0.388,0.49621295741928784,0,0.5374163877853204,0
6,China,Group_B,None/Not disclosed,single,full_time,18,98416.29,647,14053.8,0.191,0.10577225746819864,0,0.09616530557239936,1
7,India,Group_B,Religion_C,single,part_time,24,42460.16,815,10462.27,0.571,0.08370184946164407,0,0.06291771586928319,1
8,India,Group_A,Religion_A,single,unemployed,56,19866.57,666,10211.83,0.436,0.5905728692314827,0,0.5731908653214626,0
9,US,Group_A,Religion_A,married,self_employed,48,62715.36,748,20893.94,0.104,0.06881416980148891,0,0.11323499527037781,1
10,Germany,Group_B,None/Not disclosed,single,unemployed,54,27863.29,637,19852.34,0.094,0.5457259013171438,0,0.5883066794231288,0
11,UK,Group_A,Religion_A,married,self_employed,55,39160.64,529,31650.72,0.41,0.8409603379086283,1,0.8877783043018814,0
12,China,Group_A,None/Not disclosed,married,self_employed,46,69644.82,720,15389.2,0.182,0.07912519414978551,0,0.1169776915299372,1
13,Singapore,Group_B,None/Not disclosed,divorced,full_time,33,97096.62,621,15235.65,0.349,0.20318026076801382,0,0.17972265383531616,1
14,India,Group_B,Religion_C,single,part_time,26,11770.43,645,30956.7,0.188,0.5504239470570083,0,0.5946263487301134,0
15,Germany,Group_C,Religion_A,single,full_time,52,91037.46,591,26870.82,0.567,0.5372589589686133,1,0.48208045265986493,1
16,US,Group_A,Religion_C,single,full_time,39,29229.25,675,19304.08,0.045,0.20760168837918017,0,0.3071543207723129,1
17,France,Group_A,None/Not disclosed,single,full_time,68,74789.67,750,3950.89,0.472,0.061478167335954764,0,0.06790239003185142,1
18,US,Group_D,Religion_A,single,self_employed,34,33043.63,690,10693.31,0.274,0.19372482158267024,0,0.27765063091056963,1
19,India,Group_A,Religion_B,married,self_employed,62,97560.86,789,8513.15,0.145,0.02,0,0.023118420016734212,1
20,Singapore,Group_A,Religion_A,single,student,36,10710.14,778,18328.07,0.736,0.5676772525497915,1,0.47052371420972555,1
21,Canada,Group_A,Religion_B,single,student,54,8000.0,505,13424.93,0.672,0.92,1,0.9534775784417105,0
22,UK,Group_B,Religion_C,single,unemployed,58,22458.85,563,32426.14,0.05,0.8360212246159447,1,0.8667414295138863,0
23,China,Group_C,Religion_B,married,full_time,26,59885.44,534,3857.07,0.314,0.4381263237720963,0,0.4501757323989749,1
24,China,Group_C,Religion_C,married,unemployed,32,8000.0,708,7547.94,0.133,0.31623196916033025,0,0.34366086420364883,1
25,India,Group_B,Religion_B,married,self_employed,26,76962.3,618,20201.66,0.085,0.20129073503244266,1,0.2616497906959454,1
26,US,Group_A,Religion_A,married,unemployed,23,8000.0,604,22692.92,0.286,0.821358900205542,1,0.8047921296120347,0
27,Germany,Group_A,Religion_A,married,full_time,46,49710.62,654,1000.0,0.326,0.1672294740284805,0,0.2021795283335273,1
28,US,Group_A,None/Not disclosed,married,full_time,36,62296.54,699,2381.31,0.399,0.10578109671414704,0,0.10886793633153191,1
29,US,Group_A,Religion_C,single,student,39,18812.1,530,15627.57,0.364,0.8897532213903016,1,0.8823387562526976,0
30,Canada,Group_A,Religion_B,married,full_time,45,113366.29,576,30204.39,0.044,0.23544877208913798,0,0.2531794049906853,1
31,Canada,Group_A,None/Not disclosed,married,full_time,18,108105.96,670,34989.85,0.624,0.3534830159164523,1,0.2312784315981114,1
32,China,Group_A,Religion_A,single,full_time,53,73815.63,760,14269.52,0.278,0.055758455490801564,0,0.06581661521917259,1
33,UK,Group_B,Religion_A,married,full_time,34,11734.48,668,16464.18,0.115,0.2889821650968732,0,0.40738788287668115,1
34,UK,Group_B,Religion_A,married,full_time,44,88670.29,611,10468.21,0.067,0.12065991332268937,0,0.14799538111255417,1
35,Germany,Group_A,None/Not disclosed,married,student,45,27264.61,494,23698.86,0.417,0.92,1,0.9378421765672165,0
36,US,Group_A,Religion_C,single,unemployed,54,27560.96,731,31756.77,0.385,0.5732093436924737,0,0.5453334779580101,0
37,US,Group_C,Religion_C,married,unemployed,37,21537.39,597,29304.19,0.168,0.7990256130812357,1,0.8003824342115399,0
38,Germany,Group_B,Religion_A,married,full_time,18,45526.57,584,17738.99,0.383,0.5498281286876051,1,0.5463466558791148,0
39,US,Group_C,Religion_A,single,full_time,39,58732.05,541,10453.21,0.18,0.4165912695312494,1,0.47913862325646717,1
40,Singapore,Group_A,Religion_C,single,full_time,40,129116.39,562,18073.77,0.479,0.31105849879232705,0,0.23148454057173246,1
41,Germany,Group_C,Religion_B,single,full_time,26,33771.39,598,30427.08,0.211,0.5991040999859971,1,0.6548986073779555,0
42,India,Group_A,None/Not disclosed,single,full_time,40,46663.93,652,14395.35,0.059,0.1729932915789133,0,0.24419023589833422,1
43,Canada,Group_A,None/Not disclosed,widowed,self_employed,34,86443.05,579,1661.14,0.073,0.12520648732235665,0,0.1738164694656594,1
44,US,Group_A,Religion_B,married,student,22,15283.7,647,14759.92,0.277,0.6224334334433054,1,0.604028804586612,0
45,India,Group_A,Religion_C,single,full_time,46,42991.91,652,15488.77,0.317,0.30363244072987955,0,0.3590955338914501,1
46,India,Group_A,None/Not disclosed,single,full_time,31,119713.61,837,1608.32,0.188,0.02,0,0.004212228088684132,1
47,UK,Group_A,Religion_B,widowed,full_time,33,90586.83,542,20088.34,0.21,0.3973335855625344,0,0.3973747902435136,1
48,US,Group_C,Religion_C,single,full_time,32,60593.38,682,22554.04,0.117,0.15856434940007633,1,0.19348518513618082,1
49,Canada,Group_A,None/Not disclosed,married,full_time,53,46720.35,683,34739.03,0.318,0.401189825088564,1,0.46067197239085433,1
50,US,Group_A,Religion_A,single,full_time,38,133894.2,593,6008.61,0.321,0.10198984291152793,0,0.07957165886281907,1
51,US,Group_A,None/Not disclosed,single,full_time,39,77332.47,677,24574.69,0.26,0.18601366948723722,0,0.19545390771547605,1
52,US,Group_A,Religion_A,married,full_time,33,116147.06,728,26701.53,0.453,0.09727479958938287,0,0.0695863566913798,1
53,India,Group_A,Religion_C,single,unemployed,44,26732.14,653,22676.59,0.09,0.532272080537402,0,0.5604537021401699,0
54,Singapore,Group_A,None/Not disclosed,married,full_time,54,63779.39,774,8938.79,0.102,0.02991616662055356,0,0.04442891509160654,1
55,Canada,Group_A,Religion_C,single,full_time,46,61870.09,507,8415.66,0.231,0.5113588153348774,0,0.5701034194617735,0
56,India,Group_C,Religion_B,married,full_time,46,110683.79,607,18874.77,0.043,0.11776747037858773,0,0.13303516052117273,1
57,Germany,Group_D,Religion_C,married,full_time,45,111380.11,747,18811.6,0.381,0.052256481725131226,0,0.04404693374968152,1
58,France,Group_A,Religion_A,married,part_time,21,13380.1,738,12965.1,0.454,0.24716084134932537,0,0.23397956929787653,1
59,US,Group_B,Religion_A,single,self_employed,27,77507.5,711,29624.73,0.23,0.15032910731240007,0,0.1772204032527097,1
60,US,Group_C,Religion_A,married,unemployed,36,10692.69,744,14393.24,0.11,0.2691828073505761,1,0.29903086345588464,1
61,Singapore,Group_D,Religion_C,widowed,part_time,29,13279.54,507,1000.0,0.386,0.7227949886835028,1,0.733616536484331,0
62,Germany,Group_B,Religion_B,single,full_time,25,85145.67,730,15983.49,0.027,0.03921975973384928,0,0.04586439736867181,1
63,France,Group_C,Religion_A,single,full_time,18,37108.75,750,22322.46,0.235,0.14314056080792184,1,0.16501447592683954,1
64,India,Group_D,None/Not disclosed,married,full_time,22,57443.27,588,21077.65,0.087,0.34917112529249905,0,0.4004667151968564,1
65,Singapore,Group_C,Religion_B,single,full_time,35,52917.05,850,21008.0,0.06,0.0229068298094514,0,0.03267862116948954,1
66,France,Group_A,Religion_B,married,unemployed,37,18151.61,659,31445.9,0.232,0.7205389446099627,1,0.7135939742428711,0
67,France,Group_A,Religion_B,married,full_time,28,76048.64,506,7966.88,0.503,0.6070274093660583,1,0.556293502572937,0
68,US,Group_A,Religion_A,single,full_time,39,50275.03,699,14186.62,0.246,0.14752419390552318,0,0.17990813867631592,1
69,US,Group_A,Religion_C,married,full_time,33,115862.75,616,31905.49,0.171,0.21058838177409203,0,0.1920909197411609,1
70,Germany,Group_A,Religion_B,married,full_time,51,91466.63,757,1000.0,0.076,0.02,0,0.019624188221950035,1
71,US,Group_A,Religion_A,single,unemployed,36,35818.14,704,17516.75,0.521,0.5389030176900409,0,0.4449428477702916,1
72,UK,Group_B,None/Not disclosed,divorced,full_time,46,73629.82,625,29060.29,0.044,0.24936090417635745,0,0.31335342945942096,1
73,India,Group_B,None/Not disclosed,single,full_time,40,63018.03,783,28926.15,0.544,0.16616589789763103,0,0.14966728327498785,1
74,US,Group_C,Religion_C,single,full_time,21,117093.69,740,23941.05,0.158,0.03837792225231529,0,0.03263962748219472,1
75,US,Group_A,None/Not disclosed,married,self_employed,37,51849.14,608,24168.95,0.339,0.49547968065934933,0,0.5703406855717389,0
76,US,Group_A,None/Not disclosed,single,full_time,23,73132.63,659,8630.79,0.194,0.11300555026996341,1,0.12002072871365392,1
77,US,Group_C,Religion_B,married,part_time,37,43223.49,709,30358.59,0.284,0.2832725224734678,0,0.2833239802800074,1
78,Singapore,Group_C,Religion_C,single,full_time,29,33269.27,643,7199.44,0.367,0.31001010475067553,0,0.3450290343782301,1
79,France,Group_D,Religion_C,married,full_time,43,88911.2,622,7736.28,0.304,0.15753705216353706,0,0.15917961025521346,1
80,India,Group_C,Religion_A,single,unemployed,22,19417.69,661,21490.87,0.263,0.6287296216021058,0,0.5931179972896949,0
81,Singapore,Group_C,Religion_A,married,full_time,38,107667.05,590,13562.87,0.071,0.1270521982924172,0,0.13686721591849982,1
82,UK,Group_A,Religion_A,married,full_time,45,102298.21,503,19860.27,0.596,0.6806464843295537,0,0.6015075280450862,0
83,India,Group_A,Religion_C,married,part_time,49,54161.08,688,21876.9,0.319,0.2367033754030438,1,0.23707832325977046,1
84,US,Group_A,None/Not disclosed,widowed,full_time,29,74985.48,521,34002.99,0.614,0.8470949837553482,1,0.7967713019533752,0
85,US,Group_B,None/Not disclosed,married,full_time,38,54449.1,596,21903.52,0.065,0.33616636433753166,0,0.42029159679573663,1
86,US,Group_D,Religion_B,married,self_employed,40,110142.97,503,12433.19,0.105,0.2896509462121978,0,0.3427882926490283,1
87,Canada,Group_A,Religion_A,married,full_time,57,36321.21,546,24088.39,0.06,0.5822935453960165,1,0.7129156971882847,0
88,Germany,Group_B,Religion_B,divorced,full_time,20,39056.19,702,10514.21,0.367,0.18799792500643228,0,0.19836320455181114,1
89,US,Group_A,Religion_B,married,full_time,27,93428.0,653,26218.4,0.627,0.37213324377693835,0,0.2745147121024498,1
90,Germany,Group_A,None/Not disclosed,divorced,self_employed,72,101968.43,651,18581.65,0.399,0.1760042122430575,0,0.2102068900470082,1
91,US,Group_A,None/Not disclosed,single,full_time,35,83174.74,571,21604.89,0.421,0.4858724438864877,0,0.4496307392232367,1
92,Canada,Group_A,None/Not disclosed,married,full_time,18,105280.99,621,1974.11,0.135,0.06759565445372746,0,0.06333034767401627,1
93,Germany,Group_D,None/Not disclosed,married,part_time,31,8000.0,687,1000.0,0.341,0.2288881461330216,0,0.2556629439204921,1
94,UK,Group_A,None/Not disclosed,single,part_time,18,32181.21,666,4487.18,0.209,0.17397137122017797,0,0.1811081944324337,1
95,US,Group_C,Religion_B,single,student,41,8000.0,717,33711.94,0.28,0.6572441777724425,1,0.6687790712226981,0
96,Singapore,Group_B,Religion_A,widowed,full_time,48,99305.22,742,7666.61,0.139,0.02405891727583709,0,0.027827142780091497,1
97,UK,Group_A,Religion_A,single,full_time,27,35760.58,651,24590.79,0.114,0.31745229001146413,0,0.39476751298559737,1
98,US,Group_A,Religion_B,single,full_time,32,43115.55,531,12222.83,0.185,0.5389080420842349,1,0.6077993763797699,0
99,US,Group_C,Religion_A,single,part_time,49,37629.64,613,15839.73,0.308,0.43257676488506874,0,0.4590742670726635,1
100,China,Group_A,Religion_A,single,full_time,18,106987.8,663,17597.52,0.574,0.19745265754562547,0,0.12826244011683727,1
101,China,Group_D,None/Not disclosed,married,part_time,22,34125.11,593,32794.01,0.028,0.5306312104717266,1,0.5750213001514565,0
102,Canada,Group_A,Religion_A,divorced,full_time,35,93565.71,591,23260.55,0.153,0.25879173287590396,0,0.2679465067376632,1
103,US,Group_B,None/Not disclosed,widowed,unemployed,29,26140.97,658,21465.3,0.511,0.7380390017374487,1,0.6602817446816623,0
104,China,Group_C,None/Not disclosed,married,self_employed,34,58774.84,850,29670.29,0.111,0.03401377219571501,0,0.052780830410238205,1
105,India,Group_A,Religion_C,married,full_time,23,45601.56,633,12301.23,0.453,0.38554619595455486,0,0.37724851153629174,1
106,Canada,Group_A,Religion_C,single,student,41,18989.11,649,27615.09,0.523,0.8289317281680625,1,0.7945475102187499,0
107,Germany,Group_D,Religion_B,married,student,36,17133.84,536,26111.72,0.173,0.8869359482236733,1,0.894297670246835,0
108,US,Group_A,Religion_C,single,full_time,45,99585.63,763,26009.09,0.521,0.09816938669433066,0,0.07745806265939974,1
109,US,Group_A,Religion_A,single,full_time,40,86519.41,736,16604.85,0.23,0.058407343509044835,1,0.062021507927574944,1
110,China,Group_A,None/Not disclosed,widowed,part_time,40,23049.98,730,14064.17,0.28,0.1736449265388042,0,0.19789343682814092,1
111,Germany,Group_A,Religion_B,married,full_time,21,96846.29,772,10171.59,0.268,0.026692649855078274,0,0.023351497479543085,1
112,US,Group_C,Religion_A,single,full_time,44,73494.19,638,10735.36,0.4,0.22691662894659373,1,0.22804793694187225,1
113,US,Group_C,Religion_C,married,full_time,34,56428.17,647,9746.88,0.342,0.22964842306552397,1,0.2455716435380649,1
114,France,Group_A,Religion_C,married,student,36,14150.67,778,21301.63,0.376,0.37291333405734056,0,0.354812134804038,1
115,US,Group_C,Religion_B,single,full_time,51,50770.63,717,15944.97,0.43,0.1887201718148851,0,0.21091788192504551,1
116,India,Group_A,Religion_C,single,self_employed,29,81898.12,504,21882.6,0.419,0.6852814408495072,1,0.6884022431308361,0
117,Canada,Group_A,Religion_A,single,full_time,54,39285.47,704,22390.94,0.548,0.372303786868459,1,0.39530347223204143,1
118,Canada,Group_B,Religion_C,married,full_time,55,49059.37,626,8462.2,0.197,0.2259243043746809,0,0.30345392925904674,1
119,Germany,Group_D,Religion_A,single,unemployed,47,14810.45,691,8192.08,0.142,0.34543995193205834,0,0.38613754712370896,1
120,Singapore,Group_A,Religion_A,married,full_time,26,122055.4,701,15942.06,0.119,0.03570851305404099,0,0.03202289254258478,1
121,France,Group_A,Religion_A,single,full_time,18,106781.86,539,11023.91,0.312,0.30254720270054375,0,0.2501397359365314,1
122,Singapore,Group_B,Religion_B,divorced,full_time,51,33205.05,690,10076.29,0.196,0.16194080760433677,0,0.23427184670075318,1
123,US,Group_C,Religion_B,married,self_employed,39,91007.12,686,33261.18,0.247,0.18685522341638572,0,0.21575201315400586,1
124,UK,Group_A,Religion_B,divorced,full_time,29,114839.17,697,4199.81,0.295,0.03826830097177578,0,0.03160139954909625,1
125,US,Group_A,Religion_A,single,full_time,52,45949.57,713,36207.58,0.383,0.3717886375697268,0,0.4143587874535323,1
126,Germany,Group_B,Religion_A,married,full_time,28,9164.19,782,20599.89,0.236,0.14860804054148433,0,0.20415924992639262,1
127,UK,Group_A,Religion_B,married,full_time,33,76028.35,701,26876.14,0.274,0.1674952409210181,0,0.16929898988893857,1
128,US,Group_A,Religion_A,single,full_time,44,108642.19,672,25815.0,0.241,0.12244427597448793,1,0.11646005231792426,1
129,US,Group_A,Religion_C,single,full_time,25,119058.03,756,23552.63,0.034,0.02267455815459468,0,0.021908656195595802,1
130,France,Group_A,None/Not disclosed,single,full_time,37,54226.42,838,32956.49,0.217,0.061905973383611444,0,0.07480981124839707,1
131,US,Group_A,Religion_B,single,full_time,51,125829.03,739,8258.25,0.502,0.037452812271347405,0,0.027709104940120143,1
132,China,Group_C,None/Not disclosed,single,part_time,41,8000.0,685,16592.59,0.048,0.23287758709784984,0,0.32398183810766445,1
133,France,Group_B,Religion_A,single,self_employed,53,56626.85,702,10324.38,0.175,0.09546285084956725,0,0.15625624567874868,1
134,UK,Group_B,Religion_A,single,full_time,52,66610.15,689,2735.28,0.614,0.17360430616842396,0,0.1613595048405212,1
135,France,Group_D,Religion_C,married,full_time,38,98340.81,652,12048.83,0.259,0.10713580755742177,0,0.10386853094624915,1
136,US,Group_A,None/Not disclosed,single,full_time,18,113443.66,832,34852.93,0.399,0.039543626491558695,0,0.02664605114203283,1
137,China,Group_A,None/Not disclosed,single,student,25,24011.61,595,16438.8,0.067,0.6314254814767085,0,0.6512418854600723,0
138,Germany,Group_D,Religion_A,married,full_time,47,34589.42,735,35851.64,0.403,0.3653806322511208,0,0.41025324626735965,1
139,India,Group_A,None/Not disclosed,single,full_time,19,101549.5,661,36772.44,0.098,0.17365651959271422,0,0.1639645105690234,1
140,US,Group_B,Religion_B,single,full_time,34,91896.85,559,44956.17,0.552,0.7851077702799548,0,0.7176742195876686,0
141,Germany,Group_C,Religion_B,single,full_time,42,27400.1,656,35149.44,0.188,0.4944309803070992,1,0.5915820701573008,0
142,Germany,Group_A,Religion_A,single,full_time,56,21570.52,629,39223.19,0.508,0.7954302532372763,1,0.8272230132447967,0
143,China,Group_A,None/Not disclosed,married,full_time,31,106337.11,713,20926.51,0.102,0.04863404357428476,0,0.04913257621866157,1
144,France,Group_A,Religion_A,single,part_time,30,36541.64,677,20054.95,0.328,0.31387246727065593,1,0.3065654787613094,1
145,Germany,Group_A,None/Not disclosed,single,part_time,37,21457.26,593,20653.55,0.44,0.6885135306220408,1,0.6846631144626071,0
146,US,Group_A,Religion_C,widowed,part_time,42,34374.12,780,18000.56,0.255,0.09563372153858758,0,0.10768689633469777,1
147,UK,Group_A,Religion_C,divorced,self_employed,36,72435.9,752,19346.97,0.466,0.11620877048231869,0,0.12494674471517551,1
148,France,Group_C,Religion_C,single,full_time,51,63591.02,789,24769.64,0.112,0.05121233726079962,0,0.07148772702114434,1
149,Germany,Group_D,None/Not disclosed,single,unemployed,28,8000.0,661,13807.64,0.253,0.5896560765306589,1,0.5830568984620003,0
150,US,Group_C,Religion_A,married,self_employed,39,96689.68,667,5601.38,0.197,0.06241205357368465,0,0.07837319517138493,1
151,India,Group_A,Religion_A,married,self_employed,43,87845.96,723,21272.57,0.194,0.07416788823721424,0,0.0971733658303059,1
152,China,Group_A,Religion_C,married,self_employed,33,54090.5,627,11764.76,0.172,0.22349486798076798,0,0.30930927939686415,1
153,US,Group_A,Religion_B,single,full_time,48,69943.92,680,12696.54,0.375,0.1627855908752361,0,0.17299682383785142,1
154,France,Group_A,Religion_A,single,full_time,40,87814.01,657,16715.22,0.321,0.1635473613634366,1,0.15926005766914803,1
155,US,Group_D,Religion_A,single,full_time,47,41678.92,539,14650.71,0.191,0.552174727025513,1,0.6427961429232237,0
156,Singapore,Group_A,Religion_B,divorced,full_time,40,86809.07,680,27990.38,0.431,0.2462717742939794,0,0.21984580527197617,1
157,US,Group_A,Religion_A,divorced,full_time,43,41671.0,637,16499.33,0.628,0.5413036245485414,1,0.5277839702343494,0
158,Singapore,Group_C,Religion_A,single,full_time,30,67765.64,652,28444.05,0.253,0.30014672447540724,0,0.3111060056918322,1
159,Canada,Group_A,None/Not disclosed,married,full_time,30,46098.0,697,19854.15,0.075,0.14059857926327068,0,0.18840059422811223,1
160,India,Group_A,Religion_B,single,student,53,10956.07,738,17203.24,0.187,0.34972153393407485,0,0.40398426800183557,1
161,US,Group_A,None/Not disclosed,married,self_employed,46,102440.19,606,19423.98,0.497,0.3232131600041013,1,0.3129891601323073,1
162,China,Group_B,None/Not disclosed,divorced,part_time,26,39808.43,645,6375.33,0.035,0.1448396297830512,1,0.17406780275343406,1
163,US,Group_C,Religion_A,married,full_time,40,74339.77,613,21042.69,0.124,0.2423947621351456,0,0.2837676017457866,1
164,US,Group_A,Religion_C,single,part_time,18,11188.5,608,25642.7,0.384,0.708503809732493,0,0.6994596419485962,0
165,France,Group_D,Religion_C,married,unemployed,31,9105.11,595,26917.65,0.475,0.905287129975198,1,0.8818923415861678,0
166,UK,Group_C,Religion_C,single,part_time,50,35140.51,655,5830.43,0.243,0.20801045798323878,1,0.24423896740784812,1
167,India,Group_C,Religion_A,married,part_time,36,35042.5,714,4329.18,0.41,0.1531699546600396,0,0.14883609108980225,1
168,India,Group_A,Religion_A,single,full_time,39,19194.99,694,13168.63,0.323,0.26978346257461344,0,0.3398401334609917,1
169,US,Group_A,Religion_A,divorced,full_time,18,83654.87,591,30461.96,0.25,0.4214071759849831,0,0.3937712724788871,1
170,China,Group_C,Religion_C,single,self_employed,33,67255.74,767,19988.78,0.46,0.10898915473271334,0,0.11861156479255754,1
171,US,Group_A,None/Not disclosed,single,student,42,26087.7,725,11027.74,0.122,0.2367591434317974,1,0.26500372235657066,1
172,Germany,Group_B,Religion_C,single,full_time,44,57245.55,602,4923.54,0.278,0.2581395926167707,0,0.30140697430383984,1
173,US,Group_C,Religion_C,single,full_time,50,8000.0,762,11844.1,0.517,0.23072615151197104,0,0.2856058433989045,1
174,China,Group_A,None/Not disclosed,single,full_time,35,50788.16,695,11236.04,0.391,0.1824009040008026,0,0.19435453398377756,1
175,US,Group_C,Religion_C,married,full_time,36,40733.32,658,26420.56,0.461,0.4940316434915629,1,0.505029421652941,0
176,US,Group_D,Religion_A,single,student,22,15794.25,625,27112.9,0.275,0.786806811367563,1,0.7692910327343248,0
177,Germany,Group_B,None/Not disclosed,single,self_employed,36,8000.0,668,8550.88,0.679,0.5410050982862533,1,0.5999202895153368,0
178,China,Group_A,Religion_B,single,full_time,23,65759.87,711,24778.49,0.542,0.270942573645015,0,0.2255649821750749,1
179,China,Group_C,Religion_A,single,full_time,18,111295.18,684,23856.81,0.649,0.2192304134068489,0,0.13155925882540057,1
180,Canada,Group_B,Religion_B,divorced,full_time,25,78196.9,645,7382.87,0.513,0.21855363724545349,0,0.18009974815400298,1
181,China,Group_B,None/Not disclosed,divorced,full_time,56,102469.45,518,17245.63,0.112,0.33057252648119567,1,0.37215435109568706,1
182,China,Group_C,Religion_A,single,full_time,35,27828.59,710,21067.38,0.438,0.32922717142245805,1,0.36067755554860587,1
183,Germany,Group_B,Religion_B,married,self_employed,41,28554.74,642,19469.12,0.182,0.35547128107805737,1,0.5030486571233064,0
184,US,Group_A,Religion_A,married,part_time,32,58618.36,728,2605.13,0.171,0.049571369669177134,0,0.051574646395554355,1
185,India,Group_A,Religion_A,widowed,full_time,18,80763.18,706,19180.64,0.366,0.13305552151062083,0,0.11343121128314668,1
186,Singapore,Group_A,Religion_A,single,self_employed,49,67349.49,644,23726.38,0.259,0.28069764041503686,1,0.362045388656774,1
187,UK,Group_B,Religion_C,single,self_employed,18,36989.74,747,32216.35,0.165,0.18632333119726893,0,0.2566172689992521,1
188,US,Group_B,None/Not disclosed,married,full_time,31,80751.34,685,11980.88,0.066,0.0650106205938743,0,0.0778874497887991,1
189,Canada,Group_B,Religion_A,married,part_time,37,23357.95,682,13090.92,0.214,0.23294579201625717,0,0.27063954308760707,1
190,US,Group_A,Religion_A,married,part_time,41,55200.78,660,16120.2,0.448,0.3093830789181152,1,0.27488418411751003,1
191,China,Group_C,Religion_A,married,self_employed,29,119609.1,796,20620.94,0.036,0.02,0,0.014874062390480102,1
192,US,Group_D,Religion_A,single,full_time,18,84839.56,587,18873.16,0.105,0.23870001544046934,1,0.2451047169579113,1
193,US,Group_A,Religion_C,married,full_time,28,57007.55,646,23438.77,0.224,0.2940506938622846,0,0.3220259173277065,1
194,India,Group_B,Religion_C,married,full_time,29,8000.0,577,7873.32,0.378,0.6232813500902832,0,0.686126195891458,0
195,US,Group_B,Religion_C,single,full_time,29,28134.36,725,21571.68,0.307,0.23345700177441928,0,0.2751915675709613,1
196,US,Group_B,Religion_B,married,full_time,50,120447.73,626,11320.06,0.151,0.07598050048430165,0,0.07792009457872487,1
197,France,Group_A,Religion_C,single,self_employed,23,38732.17,635,16709.99,0.126,0.27831614083262807,0,0.3869528057884716,1
198,India,Group_C,Religion_A,married,full_time,42,60877.81,631,33372.12,0.234,0.42691351678036626,0,0.47003005790882046,1
199,US,Group_D,Religion_A,married,full_time,40,91521.66,671,5415.81,0.454,0.11343962912704315,0,0.09879612237664384,1
200,US,Group_B,None/Not disclosed,married,student,50,27338.43,556,15484.79,0.337,0.8251337083855095,1,0.8221924637789559,0
201,India,Group_D,None/Not disclosed,widowed,full_time,36,70596.83,476,6528.19,0.461,0.6742400863859513,0,0.654793714124116,0
202,China,Group_D,None/Not disclosed,single,full_time,47,60812.88,669,19377.61,0.544,0.3463687512513922,1,0.3340172051323462,1
203,Germany,Group_A,None/Not disclosed,single,part_time,36,39977.63,511,27434.1,0.569,0.8868074130785538,1,0.8581219063769204,0
204,US,Group_B,Religion_C,single,full_time,43,58429.81,734,19526.9,0.247,0.11123121346425888,0,0.13388792841934827,1
205,US,Group_A,None/Not disclosed,single,full_time,20,62334.74,787,16949.56,0.282,0.05643929218797432,0,0.057234234331104916,1
206,US,Group_D,Religion_B,single,self_employed,18,68065.84,646,29955.62,0.374,0.39613820084600043,0,0.40820188226728377,1
207,US,Group_A,Religion_A,single,full_time,43,83058.46,767,20974.52,0.2,0.04902306626753147,0,0.055108163876746274,1
208,Singapore,Group_A,Religion_A,single,full_time,43,136192.82,668,25376.09,0.513,0.14376723287827634,0,0.09561703923698692,1
209,US,Group_C,Religion_A,single,full_time,44,86113.24,790,24437.32,0.521,0.08549235115456072,0,0.07171185850990072,1
210,Germany,Group_A,Religion_A,single,unemployed,32,30863.82,616,1000.0,0.496,0.6219542319099063,1,0.5423132192094172,0
211,Canada,Group_C,Religion_B,married,full_time,56,41413.69,493,17309.98,0.274,0.7474584030349859,1,0.8083045074894241,0
212,France,Group_A,Religion_C,single,self_employed,32,74867.74,664,8297.33,0.611,0.23760784278865835,0,0.22409041584969067,1
213,US,Group_D,None/Not disclosed,married,full_time,43,55146.8,784,10536.15,0.322,0.055007073823666895,0,0.06496559823918975,1
214,India,Group_C,Religion_C,divorced,part_time,45,37159.93,710,31271.27,0.069,0.213144951731992,0,0.26453278315136436,1
215,Canada,Group_A,Religion_A,married,full_time,59,96796.45,631,14626.75,0.451,0.22033205811842474,0,0.20787709115664801,1
216,Canada,Group_C,Religion_C,single,full_time,34,67538.01,695,35033.11,0.487,0.37744802775832875,0,0.34311607198128335,1
217,US,Group_A,Religion_B,single,full_time,30,143719.99,743,5330.8,0.109,0.02,0,0.00766945457316299,1
218,US,Group_B,Religion_A,married,self_employed,20,97486.54,664,8246.96,0.104,0.05775559208250257,0,0.06956015628730802,1
219,China,Group_B,Religion_A,married,full_time,57,110138.8,850,24861.16,0.179,0.02,1,0.014252739057336756,1
220,UK,Group_C,Religion_B,single,full_time,43,92595.42,631,14927.66,0.315,0.182280470015603,0,0.17787123761064255,1
221,US,Group_A,Religion_A,single,full_time,43,126139.75,745,20765.95,0.229,0.03178536744179678,0,0.02794731296625661,1
222,Germany,Group_A,None/Not disclosed,married,full_time,75,38770.74,727,16989.24,0.21,0.13665468828602126,0,0.2174781284291632,1
223,Singapore,Group_B,None/Not disclosed,single,part_time,42,57704.36,618,16716.81,0.298,0.3368815984666329,1,0.3287053301309575,1
224,China,Group_B,Religion_C,married,full_time,22,50879.26,638,15261.88,0.104,0.20991429807683923,0,0.25451515754005016,1
225,US,Group_A,Religion_A,single,full_time,36,62593.54,746,19615.44,0.13,0.07083132645973853,0,0.089397837008185,1
226,China,Group_A,None/Not disclosed,single,full_time,26,93326.01,681,23774.74,0.052,0.0872882000395602,0,0.094486270353544,1
227,US,Group_A,Religion_C,married,full_time,33,108480.37,695,32529.8,0.386,0.16904570657271714,1,0.13396324613931282,1
228,France,Group_C,Religion_A,single,full_time,33,40729.3,547,16177.39,0.184,0.5454876675358556,1,0.617364459111042,0
229,Singapore,Group_A,Religion_C,married,full_time,31,61068.27,719,14457.26,0.511,0.1764986211256423,0,0.15987030686337012,1
230,US,Group_A,Religion_B,single,full_time,21,80662.63,692,13297.85,0.481,0.15536543357812144,0,0.12429357558974152,1
231,US,Group_D,Religion_B,single,unemployed,57,16565.39,604,31228.05,0.409,0.8860168390898909,1,0.879546520673079,0
232,UK,Group_A,Religion_A,divorced,full_time,42,101315.08,697,24212.92,0.393,0.1364739819525298,0,0.11776616677327553,1
233,China,Group_B,Religion_B,single,self_employed,35,143167.35,639,1000.0,0.154,0.02873698591425553,0,0.029284054290091822,1
234,France,Group_A,Religion_A,single,full_time,47,89447.46,626,1000.0,0.374,0.1336048795123315,0,0.13159019447441817,1
235,China,Group_C,Religion_A,divorced,full_time,44,54517.35,652,10529.48,0.373,0.24484721301082552,1,0.2703086712625125,1
236,India,Group_B,Religion_A,married,full_time,41,42605.32,635,20071.31,0.195,0.33055259701783624,1,0.40596762425186106,1
237,Germany,Group_C,None/Not disclosed,married,full_time,46,62030.02,834,17698.77,0.186,0.027339682090447043,0,0.03573468380842953,1
238,India,Group_A,Religion_A,single,part_time,40,26165.59,738,22633.01,0.657,0.39611118208551327,1,0.34429524753807567,1
239,US,Group_B,Religion_B,single,self_employed,46,75636.76,597,16421.01,0.394,0.37030321729548926,1,0.41703252264764273,1
240,US,Group_C,Religion_B,married,part_time,47,39822.4,823,30576.77,0.18,0.07764030754410219,0,0.09199891705317975,1
241,India,Group_A,None/Not disclosed,single,part_time,40,32677.75,638,24949.0,0.248,0.4461362053322714,1,0.4748675550497775,1
242,India,Group_A,Religion_C,single,full_time,35,128570.73,672,18698.19,0.099,0.04791368247786935,1,0.04455664398705812,1
243,US,Group_A,None/Not disclosed,married,full_time,56,57922.29,737,28308.05,0.076,0.10713564111309179,0,0.15740843244151762,1
244,France,Group_D,Religion_A,single,self_employed,32,55909.85,508,3159.84,0.294,0.5138503307921316,0,0.5932429481826834,0
245,Singapore,Group_B,Religion_A,single,full_time,43,95449.14,652,17234.33,0.092,0.09658664980001702,0,0.11146133029762555,1
246,India,Group_B,Religion_C,single,full_time,43,99190.47,627,19237.61,0.206,0.1625554320605042,0,0.16653745082456667,1
247,Singapore,Group_B,Religion_B,single,student,31,26048.73,685,23418.33,0.199,0.5131339054597601,1,0.5089143361168216,0
248,UK,Group_B,None/Not disclosed,married,student,28,20699.53,676,2563.51,0.223,0.34886463111727145,0,0.35028697199511355,1
249,UK,Group_A,None/Not disclosed,married,part_time,34,53344.96,664,15656.34,0.075,0.15011824046975522,0,0.16972082728013216,1
250,Germany,Group_A,Religion_B,single,full_time,32,59842.55,661,21604.15,0.207,0.22615007182865393,0,0.2557872513870582,1
251,Singapore,Group_B,None/Not disclosed,single,self_employed,21,85886.36,750,22294.46,0.502,0.1163041931546473,0,0.10399875260537075,1
252,India,Group_A,Religion_C,married,full_time,30,102053.26,693,28675.17,0.371,0.15947010702930825,0,0.13000997090342326,1
253,Germany,Group_C,Religion_A,single,full_time,41,109816.73,673,24853.55,0.246,0.11569021380465891,0,0.10721588319199538,1
254,US,Group_C,Religion_B,married,full_time,53,28789.82,681,17452.39,0.249,0.26948063452750837,0,0.3625587159267132,1
255,US,Group_A,Religion_A,divorced,unemployed,45,15014.69,792,24074.76,0.046,0.2025390403867175,0,0.2417358940636625,1
256,Canada,Group_B,None/Not disclosed,married,unemployed,18,28338.19,647,16187.73,0.26,0.5715946917521443,0,0.5191590405371708,0
257,India,Group_A,Religion_A,single,part_time,46,8000.0,631,19320.97,0.215,0.4948610934582643,0,0.5758050117185087,0
258,US,Group_D,Religion_B,widowed,full_time,31,86178.82,492,25153.22,0.146,0.5834801080136284,1,0.5977094700140037,0
259,US,Group_D,Religion_C,single,full_time,43,97602.74,536,17592.29,0.22,0.3637334477193391,1,0.36908997571350366,1
260,France,Group_D,Religion_A,divorced,full_time,38,59227.93,595,21257.91,0.387,0.49732582799847486,0,0.5059041627035276,0
261,US,Group_A,Religion_A,married,unemployed,36,18687.54,636,26651.78,0.349,0.7822035994416134,0,0.75645147512829,0
262,India,Group_A,Religion_C,married,full_time,37,44487.77,628,24409.48,0.088,0.3280201622401938,0,0.41666819446044123,1
263,US,Group_A,Religion_A,divorced,full_time,38,63761.76,696,29101.25,0.254,0.21916218645750069,0,0.2413000377422551,1
264,US,Group_A,Religion_B,married,self_employed,54,53794.07,627,38956.03,0.398,0.628532903928517,0,0.7000145138695704,0
265,China,Group_A,Religion_B,single,full_time,38,59358.43,601,24326.35,0.611,0.6435106038023782,1,0.6011256871642403,0
266,US,Group_A,Religion_A,single,self_employed,51,48217.82,716,13848.37,0.196,0.11341291214662363,1,0.184266975870818,1
267,US,Group_D,Religion_A,married,full_time,49,63056.75,770,22606.41,0.328,0.09444477001611264,0,0.10773674019697135,1
268,US,Group_A,None/Not disclosed,married,self_employed,46,58559.38,587,22219.37,0.085,0.3579673932006034,1,0.4949182339977284,1
269,US,Group_A,None/Not disclosed,single,full_time,18,129163.8,688,23521.6,0.335,0.08252860816602997,0,0.055900375878764015,1
270,US,Group_C,Religion_A,married,full_time,51,58606.05,527,31455.15,0.438,0.8018302356237528,0,0.8102057867168219,0
271,US,Group_B,None/Not disclosed,married,full_time,33,87395.3,559,2843.0,0.434,0.3096875575264008,0,0.2764999837775495,1
272,US,Group_C,Religion_C,single,full_time,47,54560.23,626,31624.54,0.411,0.5561176098265808,0,0.575365263127258,0
273,US,Group_B,Religion_C,single,part_time,26,28917.72,755,34653.75,0.257,0.25080938603018454,0,0.2553385569150533,1
274,France,Group_C,Religion_C,single,full_time,24,25144.84,612,23112.64,0.251,0.5388867293548157,0,0.599605641824701,0
275,Canada,Group_B,Religion_C,single,full_time,62,34526.23,609,23329.22,0.303,0.5393044298589316,1,0.6352245422993116,0
276,UK,Group_B,None/Not disclosed,single,self_employed,27,37540.79,673,15825.2,0.433,0.3339440482309168,0,0.3897682858715802,1
277,US,Group_B,Religion_B,single,full_time,52,83014.92,673,18056.92,0.349,0.16657373635044512,0,0.17281418609618873,1
278,Germany,Group_A,Religion_B,single,part_time,39,53689.77,611,24281.57,0.597,0.631127021240987,1,0.5521305492263466,0
279,India,Group_A,Religion_B,single,self_employed,33,24353.38,819,23701.97,0.477,0.14868247462797474,0,0.1912119312185655,1
280,India,Group_A,Religion_A,married,full_time,37,63010.2,650,24486.39,0.367,0.34490843358788326,1,0.3501620937400229,1
281,US,Group_A,Religion_C,single,self_employed,22,29734.58,679,23640.02,0.474,0.45714998363791676,0,0.5067907517330638,0
282,US,Group_C,Religion_A,widowed,full_time,38,64185.53,640,26085.51,0.108,0.25118700272004946,1,0.30352092000722464,1
283,US,Group_A,Religion_A,divorced,full_time,25,107368.51,703,25079.84,0.442,0.13362964136516556,0,0.09725645734481843,1
284,US,Group_A,Religion_A,married,full_time,33,65800.11,763,8780.86,0.312,0.0528268026075705,0,0.056268371702070843,1
285,France,Group_A,Religion_A,divorced,self_employed,49,63918.99,795,25490.41,0.533,0.12408813781342033,0,0.14023752071452544,1
286,UK,Group_C,Religion_C,married,part_time,41,48198.85,613,34727.28,0.244,0.5584190473491066,1,0.5645949881000742,0
287,US,Group_A,Religion_C,single,full_time,20,88046.29,753,17760.36,0.216,0.04773324795797878,0,0.04495296408048974,1
288,UK,Group_B,Religion_B,married,student,48,13211.42,693,31495.32,0.523,0.7906228431531226,0,0.7639718548017881,0
289,France,Group_C,Religion_A,single,full_time,38,77065.34,743,9744.34,0.108,0.03572654952986602,0,0.04443810766188288,1
290,US,Group_A,Religion_B,married,unemployed,31,15627.87,649,17732.14,0.215,0.6117429695535701,0,0.606940439593144,0
291,India,Group_C,Religion_B,married,self_employed,47,66837.15,656,12229.58,0.452,0.2441726167880039,0,0.28399587289093486,1
292,US,Group_A,Religion_C,single,student,36,20170.91,713,30412.99,0.259,0.56981788561408,1,0.5648509784997373,0
293,China,Group_A,Religion_C,single,unemployed,24,8960.91,713,32764.29,0.289,0.6594168683350713,1,0.6311926597177301,0
294,US,Group_B,Religion_B,divorced,student,60,19103.44,760,17107.23,0.585,0.48000153196350276,1,0.4461639028749698,1
295,India,Group_D,Religion_B,single,full_time,38,69010.28,648,28539.55,0.334,0.34925733094026645,0,0.35412514847279236,1
296,China,Group_A,None/Not disclosed,single,self_employed,37,77391.41,662,32855.64,0.318,0.31316979669690265,1,0.351413795116575,1
297,China,Group_B,None/Not disclosed,single,self_employed,33,83913.15,486,17703.73,0.222,0.5737165968515863,1,0.6265168483880308,0
298,India,Group_A,Religion_B,married,part_time,52,45517.19,549,19167.76,0.024,0.45582542227187195,0,0.5408758941460862,0
299,India,Group_B,Religion_B,married,full_time,32,69722.82,640,24602.54,0.025,0.18878926702858592,1,0.23421795690332703,1
300,Singapore,Group_B,Religion_A,married,student,19,23879.98,583,10417.16,0.423,0.7804229053881914,1,0.7298789890343974,0
301,India,Group_B,None/Not disclosed,single,full_time,30,54165.39,731,18990.88,0.144,0.09649526421233316,0,0.12016037414812737,1
302,US,Group_B,Religion_B,single,full_time,54,41949.75,572,37285.08,0.058,0.6243218200087218,1,0.734087478966729,0
303,France,Group_A,Religion_A,single,full_time,48,8000.0,632,13499.88,0.234,0.4380929357916929,1,0.5696545054702817,0
304,Germany,Group_B,None/Not disclosed,married,full_time,35,76085.15,635,25684.44,0.411,0.36880823552604647,0,0.3451593153646833,1
305,India,Group_B,Religion_C,married,self_employed,54,43464.22,760,22714.24,0.229,0.11705539700020223,0,0.18973280215271762,1
306,Germany,Group_B,Religion_A,married,full_time,47,88858.7,624,16526.11,0.229,0.18479663643928715,0,0.1992319659437678,1
307,UK,Group_A,Religion_A,single,self_employed,35,20154.58,704,19994.9,0.657,0.49394731068008285,1,0.5367727323671648,0
308,Singapore,Group_A,Religion_A,married,unemployed,36,17016.73,652,33773.58,0.125,0.7108487888452539,1,0.7231398492673965,0
309,US,Group_A,Religion_C,single,full_time,42,87702.95,738,22982.37,0.076,0.05175722869630588,0,0.06267708387617615,1
310,US,Group_A,Religion_A,married,self_employed,28,41571.23,734,24388.37,0.354,0.21429876205571607,0,0.2668415967398022,1
311,Germany,Group_A,None/Not disclosed,married,full_time,38,89172.71,667,32407.76,0.102,0.16854707708102626,1,0.18676893389035262,1
312,UK,Group_A,None/Not disclosed,married,unemployed,42,17710.93,534,15395.31,0.056,0.787578779401744,1,0.8172923868969134,0
313,US,Group_B,Religion_B,married,student,18,17793.31,633,8577.77,0.399,0.6541474077832625,0,0.6027406647242936,0
314,UK,Group_A,Religion_C,divorced,full_time,36,91696.74,669,33915.13,0.243,0.2211184464879549,0,0.21503001208189967,1
315,UK,Group_C,Religion_A,single,self_employed,34,78568.11,691,19228.7,0.425,0.18080034455573643,0,0.1917910628098255,1
316,UK,Group_B,Religion_A,single,full_time,50,80525.04,615,26042.41,0.197,0.29426849328586807,0,0.33060846522714227,1
317,UK,Group_C,Religion_C,single,full_time,18,50715.54,756,11139.04,0.083,0.04859482775460772,0,0.06200504548200139,1
318,Canada,Group_A,Religion_A,married,self_employed,33,54579.62,671,21496.74,0.114,0.18490238227218278,0,0.26791403968179744,1
319,US,Group_A,Religion_A,married,full_time,32,95388.88,601,8127.6,0.486,0.25221042926896314,0,0.20553580310732028,1
320,China,Group_B,Religion_B,married,part_time,50,25059.89,636,18573.66,0.313,0.453617903499879,0,0.4964738899634267,1
321,China,Group_D,Religion_A,married,full_time,37,68622.72,775,12168.69,0.333,0.05323081311793825,0,0.05595655146875874,1
322,Germany,Group_A,Religion_B,single,full_time,60,67465.36,720,10101.11,0.251,0.07674434116282909,0,0.09968153968295235,1
323,UK,Group_B,Religion_C,married,unemployed,46,18003.08,734,15271.9,0.124,0.28146224364663686,0,0.31454596093741316,1
324,France,Group_B,None/Not disclosed,married,full_time,33,50446.59,592,1000.0,0.282,0.2728444388010615,1,0.3104286101021708,1
325,India,Group_B,Religion_C,single,part_time,41,13631.01,618,7560.88,0.687,0.6542291545386644,1,0.6181006115485774,0
326,Singapore,Group_A,None/Not disclosed,single,full_time,34,92216.27,619,25041.73,0.161,0.22018046705722844,1,0.22685752706703585,1
327,India,Group_B,Religion_B,single,unemployed,48,29423.81,666,21129.0,0.575,0.7348121450244964,1,0.6672502857986401,0
328,France,Group_A,None/Not disclosed,single,part_time,22,14536.81,657,8332.32,0.413,0.38473265741081064,1,0.3778904875643248,1
329,Singapore,Group_D,Religion_B,married,full_time,28,81746.5,595,22930.86,0.551,0.5132098502178454,0,0.43698963132158275,1
330,US,Group_A,Religion_A,divorced,full_time,43,107570.89,643,10096.08,0.642,0.2063363062138243,0,0.147768384869608,1
331,Canada,Group_A,None/Not disclosed,married,full_time,53,94268.37,610,24497.67,0.149,0.22324840784816488,0,0.25284040849912753,1
332,US,Group_D,Religion_A,single,student,18,8737.29,625,16959.25,0.084,0.6265618342334023,1,0.6510268571888866,0
333,Canada,Group_A,Religion_A,married,full_time,54,52242.55,753,15073.89,0.417,0.12054907313817574,0,0.1392910275008551,1
334,India,Group_A,Religion_A,married,full_time,36,80210.7,557,17180.43,0.39,0.47285839382575584,0,0.45117544885225663,1
335,US,Group_A,Religion_B,single,self_employed,18,70637.11,696,41035.76,0.115,0.23310537883649918,1,0.2828835931936028,1
336,Singapore,Group_A,Religion_B,married,full_time,18,80615.55,774,11170.79,0.475,0.058063843100640854,0,0.04513883953713616,1
337,US,Group_A,Religion_B,single,full_time,20,73082.32,656,20039.03,0.366,0.2502413673695905,0,0.22629680205170755,1
338,Canada,Group_A,None/Not disclosed,single,full_time,38,48443.61,630,25032.32,0.299,0.43096119479090145,1,0.4726546718095013,1
339,US,Group_C,Religion_A,single,full_time,37,84062.22,739,9338.28,0.092,0.03136797392462979,0,0.038016620914354926,1
340,China,Group_B,Religion_B,single,self_employed,46,75711.94,596,3651.68,0.531,0.31732567137391654,0,0.33724326158955137,1
341,US,Group_A,Religion_B,divorced,unemployed,31,23546.33,658,12590.12,0.677,0.7467817975230128,1,0.6452150566200265,0
342,China,Group_B,None/Not disclosed,single,unemployed,25,22854.65,572,24835.17,0.277,0.8477418781718741,1,0.8242402968975743,0
343,India,Group_A,Religion_A,single,unemployed,33,34930.22,512,14921.97,0.306,0.8633202000495113,0,0.8385570889468179,0
344,France,Group_D,Religion_A,single,full_time,38,53949.08,631,15920.05,0.236,0.27882827591281606,1,0.3238816448125284,1
345,India,Group_A,Religion_B,single,full_time,41,112983.18,575,26196.93,0.394,0.37772037180402157,1,0.321571374891269,1
346,India,Group_B,Religion_C,single,part_time,29,28038.68,669,10742.91,0.037,0.16104607421972872,0,0.20449295937001366,1
347,China,Group_A,None/Not disclosed,single,student,49,24986.39,741,17201.2,0.249,0.31862433407743374,0,0.33472605339959816,1
348,US,Group_B,Religion_C,married,self_employed,31,91259.49,809,4375.43,0.447,0.022511142807335977,0,0.022446104876402948,1
349,France,Group_A,None/Not disclosed,single,full_time,28,69999.7,677,20886.47,0.182,0.15481777825165163,0,0.16942339487304475,1
350,US,Group_C,Religion_B,married,self_employed,31,97959.42,746,20065.56,0.518,0.09456574512879624,0,0.08358037492770547,1
351,Singapore,Group_A,Religion_A,single,self_employed,51,75670.57,700,25159.83,0.643,0.3150363137836718,0,0.31188108244629115,1
352,US,Group_D,Religion_A,married,unemployed,36,10824.53,609,7692.69,0.504,0.7795299943702027,0,0.7402677915999032,0
353,France,Group_B,Religion_A,married,self_employed,30,56487.94,526,16273.01,0.276,0.5928844641041144,0,0.6628480806284185,0
354,France,Group_C,Religion_B,single,full_time,49,99245.66,792,6493.77,0.401,0.02352691206610007,0,0.02167790893825928,1
355,Germany,Group_C,Religion_B,single,full_time,64,94991.62,591,15785.04,0.193,0.21109754446658763,0,0.24722758774587775,1
356,France,Group_D,Religion_B,divorced,full_time,41,44487.15,765,31336.09,0.765,0.39540586212240036,0,0.3418003535912219,1
357,India,Group_A,Religion_C,married,full_time,53,73693.43,710,15113.23,0.098,0.06778728456628286,0,0.09279998036736277,1
358,India,Group_A,Religion_B,married,student,50,19282.19,582,5706.72,0.672,0.8517664097196173,0,0.8141443439018388,0
359,Germany,Group_A,Religion_C,single,full_time,31,62783.34,693,11881.09,0.498,0.19682603449150876,0,0.17964331060689143,1
360,France,Group_A,Religion_C,single,full_time,38,141131.15,830,3501.43,0.128,0.02,0,0.0028961598313573494,1
361,China,Group_B,Religion_B,married,full_time,23,84379.02,785,6338.04,0.449,0.03675581295358465,0,0.029730489918443927,1
362,US,Group_D,Religion_B,divorced,part_time,36,31954.7,612,24038.88,0.309,0.5533375378395756,1,0.5624506551694126,0
363,US,Group_D,Religion_C,single,full_time,30,102592.44,594,4983.45,0.237,0.1333556957174485,0,0.12449536346383414,1
364,US,Group_B,Religion_C,married,full_time,33,63940.53,678,20810.96,0.231,0.1845173965772825,1,0.20436626540944758,1
365,Singapore,Group_B,Religion_B,married,unemployed,29,29757.19,635,18231.68,0.24,0.6108285161942897,0,0.5787928315806088,0
366,UK,Group_C,Religion_B,single,full_time,35,27216.25,760,13216.25,0.317,0.12516950925755926,1,0.15806166256072163,1
367,India,Group_D,Religion_C,single,full_time,44,54912.03,689,20046.15,0.619,0.3638390981069445,0,0.33798579445780413,1
368,Singapore,Group_A,Religion_C,single,full_time,37,103427.47,543,9561.05,0.049,0.17948401961328128,0,0.1989785098671548,1
369,UK,Group_B,Religion_A,single,part_time,18,60433.2,704,25567.6,0.103,0.13847006951123056,0,0.13401736840198766,1
370,China,Group_C,Religion_B,married,self_employed,29,42486.6,657,11714.94,0.08,0.16526190478895217,0,0.258297266799741,1
371,India,Group_A,None/Not disclosed,single,unemployed,20,15148.37,647,14522.7,0.501,0.7367706297650379,1,0.6634572496834736,0
372,US,Group_A,Religion_A,single,full_time,41,93491.29,689,13451.84,0.314,0.0926322543987611,0,0.08920799724574152,1
373,UK,Group_D,None/Not disclosed,married,student,44,8999.02,682,24205.26,0.129,0.5653378218936828,0,0.618908615102339,0
374,US,Group_D,Religion_A,married,self_employed,41,55306.4,705,22900.0,0.259,0.18340967783578974,0,0.24918050205017578,1
375,US,Group_D,Religion_B,married,full_time,29,97135.8,591,1000.0,0.365,0.16666576561779578,0,0.14450294323101912,1
376,US,Group_C,Religion_B,married,full_time,41,54645.07,666,20288.19,0.125,0.18959518354008392,0,0.245063209999839,1
377,China,Group_A,Religion_A,single,full_time,32,24343.88,636,2298.66,0.307,0.2849680537266113,1,0.3476049719305611,1
378,Germany,Group_A,None/Not disclosed,married,unemployed,24,11981.65,529,14928.1,0.349,0.8961997365866446,1,0.8790728461456948,0
379,UK,Group_B,Religion_B,single,full_time,47,78271.79,662,17026.43,0.03,0.09932896406878873,0,0.13365157122874277,1
380,Canada,Group_B,None/Not disclosed,single,full_time,48,27128.55,808,14831.48,0.423,0.10049855595379671,0,0.12627568150237647,1
381,France,Group_B,Religion_A,single,self_employed,49,58239.6,542,22507.37,0.543,0.745303494734599,1,0.7736667871149219,0
382,China,Group_B,None/Not disclosed,married,unemployed,31,11280.86,660,24480.69,0.388,0.7539470846154623,1,0.7210714641059363,0
383,India,Group_A,None/Not disclosed,married,part_time,52,61385.17,666,11038.81,0.195,0.13917170390889655,0,0.1538276590270747,1
384,Germany,Group_B,Religion_C,single,self_employed,32,111654.57,692,10711.83,0.28,0.05469424612566805,0,0.05650696667456595,1
385,UK,Group_A,Religion_A,married,full_time,46,49111.22,598,17676.27,0.159,0.3605518394785402,1,0.446785330491679,1
386,China,Group_A,Religion_C,married,unemployed,32,21477.68,547,4106.41,0.372,0.7919945468375863,1,0.7623292722505999,0
387,Canada,Group_A,Religion_B,single,full_time,35,51780.98,567,13707.2,0.504,0.5987756788559412,1,0.5884670288095384,0
388,China,Group_A,None/Not disclosed,married,full_time,18,69555.68,770,30132.7,0.175,0.0827139769299671,0,0.08572321264072422,1
389,US,Group_C,Religion_B,single,student,34,21373.0,567,4443.29,0.314,0.7260819772114875,1,0.7157419633725646,0
390,India,Group_A,Religion_A,widowed,full_time,39,65259.4,633,14938.94,0.266,0.24048599621040775,1,0.26594441683353875,1
391,Singapore,Group_A,Religion_A,single,full_time,33,70191.18,828,12669.29,0.369,0.031257993615232904,0,0.03084813907135311,1
392,US,Group_C,Religion_C,single,part_time,59,22196.63,615,36047.41,0.434,0.7674903381242293,1,0.7850107044964281,0
393,France,Group_B,None/Not disclosed,single,full_time,24,109290.97,696,13159.25,0.278,0.06009392416166362,0,0.04966251245954001,1
394,Canada,Group_A,Religion_A,single,full_time,31,8000.0,750,13681.7,0.126,0.12831683903563784,0,0.19914085901330567,1
395,US,Group_A,Religion_C,married,part_time,27,31574.94,746,8723.12,0.184,0.08500500019367198,0,0.09570014882982891,1
396,Germany,Group_A,None/Not disclosed,married,self_employed,31,63956.09,570,18083.9,0.283,0.453079927917487,0,0.5177623923704391,0
397,India,Group_B,Religion_A,single,self_employed,50,49960.49,616,20431.5,0.396,0.47216099098963804,0,0.5593574417070204,0
398,US,Group_A,Religion_A,married,full_time,56,101574.79,693,10027.62,0.578,0.1196337185853355,0,0.09777072221171194,1
399,Germany,Group_A,Religion_C,divorced,part_time,30,52766.03,815,26898.51,0.659,0.16413805491732217,0,0.11279968813352785,1
400,Germany,Group_A,Religion_C,married,self_employed,29,31321.3,613,20439.57,0.094,0.385941890301505,1,0.5321830356330716,0
401,US,Group_B,Religion_A,married,full_time,24,135152.19,633,25667.09,0.49,0.19977193618413783,1,0.1246177227875462,1
402,China,Group_A,None/Not disclosed,single,full_time,54,39145.03,701,15046.78,0.283,0.1899545629536467,0,0.2512051565451125,1
403,India,Group_C,Religion_B,single,full_time,51,106262.47,716,20188.66,0.727,0.17632679968575188,1,0.12118494124345755,1
404,US,Group_A,None/Not disclosed,divorced,full_time,37,82090.3,721,16082.13,0.24,0.07447280089962802,0,0.07862160353815639,1
405,China,Group_B,None/Not disclosed,married,full_time,21,64248.96,607,31119.13,0.409,0.5625406399253817,1,0.5276513020091295,0
406,India,Group_A,None/Not disclosed,married,self_employed,22,55686.9,630,19046.38,0.414,0.4009094653646837,1,0.4308509257885063,1
407,US,Group_A,Religion_B,divorced,student,40,17788.87,663,18078.79,0.291,0.6096273064209644,1,0.6116065317648466,0
408,India,Group_A,Religion_A,single,full_time,45,83689.81,765,13875.82,0.442,0.0634943469915299,0,0.05889962375322567,1
409,US,Group_C,Religion_B,married,part_time,18,22370.39,652,13356.33,0.044,0.22969535889205214,0,0.27454081125524504,1
410,China,Group_C,Religion_A,single,full_time,34,67236.07,668,20139.5,0.169,0.16737148768526539,0,0.19310698402978335,1
411,Singapore,Group_A,Religion_C,single,full_time,57,56921.39,593,25376.29,0.23,0.46589007104209096,1,0.5431065674353002,0
412,Singapore,Group_A,Religion_A,married,self_employed,35,37357.62,810,11838.98,0.193,0.04366827164344621,0,0.07216053051589992,1
413,US,Group_D,Religion_B,single,full_time,56,49931.86,654,19139.21,0.14,0.22452145772784862,0,0.3096792104008671,1
414,China,Group_B,Religion_A,divorced,student,46,10755.16,729,19657.53,0.12,0.3637779392621718,0,0.4220065410019067,1
415,US,Group_A,Religion_A,single,full_time,25,66529.77,672,21225.27,0.485,0.3031381145786214,1,0.2670946304136929,1
416,US,Group_A,Religion_A,married,full_time,34,89806.56,676,2632.53,0.341,0.07715433598721924,0,0.07204243165238877,1
417,US,Group_B,Religion_C,married,full_time,36,77604.44,557,9677.41,0.055,0.23087155451216923,0,0.27867731234062315,1
418,India,Group_B,None/Not disclosed,married,full_time,27,131899.61,509,5707.4,0.287,0.2267840767546899,0,0.1776646057682091,1
419,US,Group_B,Religion_A,divorced,unemployed,26,8000.0,741,18295.96,0.198,0.3711044094622789,0,0.3726737873541968,1
420,China,Group_D,None/Not disclosed,single,self_employed,56,66083.95,649,9891.24,0.341,0.19718130000598869,0,0.26333399721159517,1
421,Singapore,Group_A,None/Not disclosed,single,full_time,26,78175.27,685,13533.83,0.724,0.2747743743966652,0,0.19602074864838018,1
422,US,Group_A,Religion_B,single,full_time,51,100267.8,576,7251.48,0.125,0.14424093614490968,0,0.1665197826658443,1
423,US,Group_A,Religion_C,single,part_time,33,46105.14,602,14370.87,0.167,0.33261012880081237,1,0.3532360710808001,1
424,US,Group_A,Religion_B,divorced,self_employed,38,61246.44,750,7883.07,0.173,0.04641978540686743,0,0.07082381083654198,1
425,Singapore,Group_A,Religion_A,married,full_time,45,82713.38,801,24821.18,0.184,0.03796859445212946,0,0.04375743505157384,1
426,India,Group_A,Religion_B,single,full_time,31,57686.91,623,22313.05,0.071,0.2631079257723528,1,0.32323375334952253,1
427,US,Group_A,Religion_A,single,full_time,45,94753.46,720,19352.06,0.324,0.08416018097246424,0,0.08109531632516787,1
428,India,Group_B,None/Not disclosed,married,full_time,18,26706.68,684,15282.52,0.171,0.21744694368881212,0,0.27126720806629445,1
429,US,Group_A,None/Not disclosed,married,full_time,43,99207.36,661,1000.0,0.258,0.06045295232291062,0,0.06127828561882092,1
430,India,Group_A,None/Not disclosed,single,full_time,18,77367.36,809,13876.14,0.183,0.02349972805157399,0,0.02398429917927345,1
431,China,Group_B,Religion_C,married,full_time,35,60724.89,636,11146.89,0.717,0.45198888766696266,0,0.3837409774768156,1
432,India,Group_B,Religion_C,married,full_time,48,69662.01,763,20225.47,0.346,0.08632386857959407,0,0.09386632524773175,1
433,Canada,Group_C,None/Not disclosed,married,full_time,45,70342.94,699,23577.36,0.343,0.1884685916214964,0,0.198254600368894,1
434,India,Group_C,Religion_A,single,unemployed,22,28987.18,653,20921.69,0.424,0.6923879076584163,1,0.6132917571251719,0
435,US,Group_B,Religion_A,married,part_time,24,83137.19,773,29367.34,0.319,0.08507264578884345,0,0.06300696424592436,1
436,US,Group_A,Religion_C,single,full_time,30,108010.96,692,12885.17,0.756,0.1759596731658797,0,0.10477913717556228,1
437,US,Group_A,Religion_B,single,full_time,40,62566.61,663,12512.02,0.343,0.20005381040730266,0,0.2147467135382613,1
438,Germany,Group_B,Religion_B,married,full_time,18,95193.04,773,27340.9,0.175,0.046126905711464494,0,0.04225297152055729,1
439,Canada,Group_A,Religion_A,married,unemployed,38,27184.63,740,19495.95,0.219,0.31942715971737834,0,0.31112644623774555,1
440,Singapore,Group_A,Religion_C,single,part_time,42,24919.87,760,15777.01,0.527,0.21690539698903627,0,0.20551319595286988,1
441,India,Group_A,Religion_A,married,full_time,35,43580.18,378,34618.69,0.136,0.92,1,0.9597588647242621,0
442,US,Group_A,Religion_A,single,unemployed,44,21512.74,678,23199.57,0.03,0.4508470954143442,1,0.5000828445852823,0
443,Canada,Group_A,Religion_A,married,self_employed,41,83375.35,686,16285.1,0.168,0.09222822384390404,0,0.12462787026988206,1
444,US,Group_A,Religion_B,widowed,self_employed,32,28331.36,667,11826.5,0.517,0.3938942556197105,1,0.45539268102695424,1
445,US,Group_C,None/Not disclosed,married,full_time,18,52167.39,716,29938.61,0.404,0.2881931728632496,0,0.27117181825840037,1
446,Canada,Group_D,Religion_B,married,full_time,40,86526.46,669,19862.97,0.415,0.20010429736764282,0,0.18194622348349174,1
447,China,Group_A,Religion_C,married,self_employed,27,63419.88,721,18220.65,0.086,0.07891154081191998,0,0.11601266886994246,1
448,Singapore,Group_D,None/Not disclosed,married,full_time,31,109942.07,641,24086.49,0.076,0.10961641686024635,0,0.1102935142607804,1
449,US,Group_A,Religion_B,married,self_employed,44,32891.39,782,25920.79,0.136,0.10218221725557759,1,0.1777729712180504,1
450,Singapore,Group_D,None/Not disclosed,married,self_employed,55,111403.68,699,22948.83,0.375,0.10427807446424452,0,0.11157815323092087,1
451,US,Group_D,Religion_C,single,full_time,38,28082.97,687,25955.78,0.374,0.40760299921680887,0,0.45847618023839226,1
452,China,Group_A,Religion_C,married,full_time,45,20450.32,707,22062.37,0.056,0.19546248788798637,0,0.3064164173871683,1
453,Canada,Group_C,Religion_A,single,full_time,21,68551.7,757,22994.02,0.34,0.10366035238109213,1,0.09664737803412975,1
454,US,Group_D,Religion_A,widowed,full_time,41,39691.65,708,11415.26,0.474,0.22284506116003247,0,0.24046841146979114,1
455,US,Group_D,None/Not disclosed,single,part_time,37,31773.55,641,34293.18,0.7,0.7806176213371393,0,0.7175033188411094,0
456,US,Group_D,None/Not disclosed,single,self_employed,53,56038.46,731,6896.91,0.232,0.06891149545602546,0,0.11068170356288107,1
457,China,Group_B,None/Not disclosed,married,full_time,32,72655.36,683,20784.4,0.104,0.11827179996756891,1,0.13990367309891583,1
458,Germany,Group_A,None/Not disclosed,single,self_employed,35,45835.15,814,5969.1,0.211,0.02908480652003312,0,0.046238916080284985,1
459,India,Group_C,Religion_A,single,full_time,51,83879.61,752,17116.84,0.275,0.057672350108265394,1,0.06380056849343381,1
460,Singapore,Group_B,None/Not disclosed,married,self_employed,37,57780.58,623,12858.36,0.691,0.507743320868349,0,0.49835327251360106,1
461,France,Group_B,Religion_B,single,full_time,25,108130.05,845,19221.8,0.111,0.02,0,0.009173901823246535,1
462,US,Group_A,None/Not disclosed,single,self_employed,69,60896.53,512,21075.82,0.56,0.7961290921692941,0,0.8347147974428335,0
463,China,Group_B,Religion_A,married,self_employed,25,43054.27,718,9393.0,0.248,0.11273619088449116,0,0.15746791242921446,1
464,US,Group_A,Religion_A,single,full_time,37,31925.5,618,17735.27,0.348,0.48815925172806185,1,0.5421147330291745,0
465,France,Group_B,None/Not disclosed,single,part_time,42,36650.71,811,30543.07,0.265,0.11192028512837385,0,0.1211621493326405,1
466,Canada,Group_A,None/Not disclosed,single,unemployed,41,12227.12,671,6189.61,0.912,0.8030147595609455,1,0.6984406543269555,0
467,Singapore,Group_B,Religion_C,single,full_time,36,38243.47,610,10313.52,0.275,0.36025119387207716,1,0.4213768658783319,1
468,China,Group_C,Religion_B,single,self_employed,36,68137.39,650,25746.79,0.067,0.19828187207007084,0,0.2817451624740481,1
469,US,Group_A,Religion_B,single,student,35,8000.0,600,18697.99,0.332,0.8182014765124298,1,0.8160127238422945,0
470,Germany,Group_B,None/Not disclosed,married,unemployed,25,32873.89,622,19360.39,0.257,0.6552703766732267,0,0.6102173373599236,0
471,UK,Group_A,Religion_B,married,full_time,64,82360.26,645,27200.72,0.194,0.22743489182444582,1,0.27491823624173994,1
472,Germany,Group_D,Religion_B,single,part_time,35,33202.12,577,10853.38,0.18,0.4277012860809029,1,0.4687324699339389,1
473,US,Group_B,Religion_C,single,student,45,11808.13,669,13325.98,0.373,0.6140391526356488,1,0.6152050896479481,0
474,US,Group_A,Religion_B,divorced,part_time,34,49433.68,699,12216.22,0.589,0.26806223032127435,1,0.21260309821302326,1
475,US,Group_A,Religion_C,married,full_time,34,73203.04,595,14866.17,0.137,0.24051153743373735,1,0.2746409596260361,1
476,US,Group_A,Religion_B,single,full_time,33,59269.56,546,30055.7,0.157,0.6035919834645012,1,0.6498770775604676,0
477,Germany,Group_A,None/Not disclosed,married,self_employed,19,69546.01,693,2690.28,0.403,0.10251699633756456,0,0.10938730100255639,1
478,Singapore,Group_D,None/Not disclosed,single,full_time,36,25915.77,686,7252.03,0.441,0.2682062358454522,0,0.30425721232538927,1
479,Singapore,Group_B,None/Not disclosed,married,full_time,33,33355.57,725,5708.85,0.509,0.18065708641311234,0,0.1895163836427771,1
480,UK,Group_A,Religion_C,divorced,full_time,52,44774.37,711,30615.25,0.146,0.21418985716063146,0,0.2923200941900244,1
481,UK,Group_C,Religion_B,divorced,self_employed,24,69423.23,788,12470.4,0.378,0.05082281404997958,0,0.05672386370078038,1
482,US,Group_A,Religion_C,single,full_time,31,76270.44,745,15059.94,0.35,0.07690433556920874,0,0.07347972952341068,1
483,France,Group_C,None/Not disclosed,single,unemployed,27,25933.85,848,3468.29,0.27,0.067311746548682,1,0.06029185104888813,1
484,US,Group_A,Religion_C,single,self_employed,55,41497.42,850,15638.53,0.523,0.06428288930703009,0,0.08709390004313732,1
485,US,Group_B,Religion_C,single,student,28,18679.6,517,25798.7,0.308,0.92,1,0.9212089960323863,0
486,UK,Group_D,Religion_C,single,unemployed,45,12410.1,455,20276.61,0.104,0.92,1,0.9461888734175924,0
487,Germany,Group_A,Religion_C,married,full_time,50,47124.46,669,17029.22,0.594,0.4074962721931065,0,0.40620764683805616,1
488,US,Group_B,Religion_C,single,part_time,36,42276.07,708,3916.03,0.087,0.07162790328333384,0,0.08847464564902914,1
489,France,Group_D,Religion_A,divorced,full_time,21,71324.33,634,15048.43,0.276,0.2240430901502843,0,0.2198374766418409,1
490,France,Group_A,Religion_B,single,student,22,14036.55,713,19322.23,0.518,0.6257536399576106,1,0.5530962500373255,0
491,Canada,Group_A,Religion_C,single,full_time,48,74613.54,650,9073.58,0.233,0.1340594823842941,1,0.15713941261762565,1
492,Singapore,Group_B,Religion_A,married,part_time,23,37231.91,618,23894.02,0.123,0.3999331926061209,0,0.42370280726240017,1
493,Singapore,Group_A,None/Not disclosed,married,unemployed,43,20816.6,611,25965.62,0.223,0.7697595684790847,1,0.7709517447324998,0
494,US,Group_A,Religion_C,single,full_time,39,64708.63,655,13242.16,0.499,0.28470160897452257,0,0.2695541931722346,1
495,India,Group_A,Religion_A,married,unemployed,43,11951.9,705,24532.49,0.134,0.4901082533022074,1,0.5259867134981002,0
496,France,Group_C,None/Not disclosed,single,full_time,44,73561.32,633,17012.34,0.4,0.29223611371314406,0,0.2911345305790389,1
497,Germany,Group_A,Religion_C,single,full_time,27,53131.33,648,28324.24,0.418,0.4639195374453732,0,0.4529454073030085,1
498,Singapore,Group_A,None/Not disclosed,married,full_time,26,50145.02,713,36307.36,0.22,0.2715487230591403,0,0.29979988185954304,1
499,UK,Group_C,Religion_B,single,full_time,47,61111.65,655,8157.01,0.257,0.15893892771154308,0,0.19220451524675786,1
500,Germany,Group_B,None/Not disclosed,married,part_time,30,49019.46,754,24925.36,0.554,0.2370160600032168,0,0.18462611132766593,1
501,Canada,Group_C,Religion_B,single,unemployed,18,19537.4,588,29744.68,0.594,0.92,0,0.8872586608968482,0
502,China,Group_A,Religion_C,married,full_time,46,61046.2,585,9263.88,0.345,0.362632381555502,0,0.39484237214132584,1
503,China,Group_D,Religion_A,married,part_time,26,27319.93,667,12823.91,0.478,0.3866341238580671,1,0.35427151893663933,1
504,Germany,Group_B,Religion_C,single,unemployed,44,25546.12,681,12722.61,0.249,0.43740198779926664,1,0.43512907858417066,1
505,France,Group_A,Religion_C,single,self_employed,55,8000.0,605,16804.97,0.02,0.42805862117283816,0,0.6619365503053476,0
506,India,Group_C,Religion_C,single,full_time,38,91224.12,771,14792.71,0.141,0.027120714279940186,0,0.030288661820631203,1
507,US,Group_A,Religion_B,married,student,50,8000.0,796,16215.44,0.027,0.15557799422802382,0,0.2124217130442429,1
508,India,Group_A,None/Not disclosed,married,full_time,40,39359.36,623,25541.89,0.259,0.47415220500006255,1,0.5404709282471126,0
509,Germany,Group_A,Religion_C,married,part_time,57,28702.16,782,1000.0,0.029,0.030001740515132897,0,0.04857634653222748,1
510,US,Group_B,Religion_A,single,part_time,25,68622.19,491,9234.96,0.09,0.45372624036179526,0,0.45269786296391856,1
511,US,Group_A,None/Not disclosed,single,self_employed,38,103161.29,751,24029.35,0.224,0.050212109204332965,0,0.05786308833460724,1
512,India,Group_A,Religion_C,married,full_time,46,94346.47,606,22974.99,0.67,0.49540965147266786,1,0.4050411152735579,1
513,US,Group_A,None/Not disclosed,single,full_time,36,87733.61,743,8473.12,0.415,0.056897982350157965,0,0.050484237386085755,1
514,US,Group_A,None/Not disclosed,married,self_employed,52,22633.2,598,23037.32,0.265,0.5985150926211297,1,0.7357368887451619,0
515,UK,Group_A,None/Not disclosed,single,full_time,33,82279.5,665,29941.8,0.4,0.30076660912782865,0,0.2712012193383301,1
516,US,Group_B,None/Not disclosed,single,full_time,63,63006.25,609,17558.76,0.217,0.30551571852171594,1,0.3827292314543789,1
517,US,Group_A,Religion_C,married,self_employed,63,43552.31,654,8928.35,0.499,0.32682822010543694,1,0.418833710097489,1
518,Canada,Group_A,Religion_A,married,part_time,41,41113.06,807,25874.59,0.05,0.05574131583557458,0,0.0716638848707987,1
519,US,Group_B,Religion_B,married,full_time,45,65138.7,662,33507.41,0.319,0.36980274073446884,1,0.39180459871450074,1
520,India,Group_A,None/Not disclosed,single,full_time,52,101731.88,828,10024.74,0.391,0.02,0,0.015668386586917774,1
521,India,Group_B,Religion_B,divorced,student,24,8000.0,617,18353.27,0.227,0.7374384603845492,0,0.7399288621762214,0
522,UK,Group_A,None/Not disclosed,married,full_time,22,80047.81,782,27811.4,0.265,0.06739898086851917,0,0.06314493231409488,1
523,US,Group_A,Religion_A,divorced,full_time,53,54000.65,548,19038.23,0.342,0.6081419456514694,1,0.6554693370071545,0
524,Singapore,Group_A,Religion_B,married,full_time,41,66816.94,649,2274.33,0.062,0.08094618929254921,0,0.11140278174886244,1
525,US,Group_A,Religion_B,married,full_time,35,86316.3,630,21990.76,0.655,0.4397666371988058,0,0.34964301756112903,1
526,UK,Group_A,Religion_B,married,student,38,10960.96,778,9190.72,0.101,0.1587825034724314,0,0.1919296051764529,1
527,China,Group_C,Religion_A,single,full_time,18,76952.77,684,6563.5,0.509,0.14601648550256005,0,0.11508262749179449,1
528,China,Group_A,Religion_A,single,full_time,36,72203.17,513,2450.27,0.382,0.47038597386250086,0,0.4671192341342529,1
529,India,Group_B,None/Not disclosed,married,full_time,29,59965.98,572,28713.67,0.067,0.455003939262322,1,0.5188170620289224,0
530,US,Group_B,Religion_B,single,full_time,49,65153.37,594,10487.6,0.097,0.21652745624960673,0,0.28460401698235055,1
531,Canada,Group_A,Religion_A,single,full_time,50,73780.73,740,21000.03,0.117,0.06463070631556521,0,0.08487757905029245,1
532,Canada,Group_B,Religion_A,married,student,45,13162.63,703,23210.59,0.167,0.4955874170612323,0,0.5389619815760648,0
533,UK,Group_A,Religion_B,single,self_employed,43,65161.4,647,19456.37,0.179,0.21052420332893332,1,0.290603153873219,1
534,Singapore,Group_A,Religion_A,married,full_time,20,70405.78,629,20669.14,0.597,0.46446184144925706,1,0.38271969237070125,1
535,US,Group_A,Religion_C,married,full_time,45,60473.27,724,21429.43,0.177,0.11131344808279811,0,0.141543552826472,1
536,US,Group_C,None/Not disclosed,single,full_time,46,113319.87,585,19242.88,0.146,0.1774926732359622,0,0.18156624584413275,1
537,France,Group_D,Religion_A,divorced,full_time,53,78541.82,681,11158.56,0.11,0.07518669761435566,0,0.0997927772533378,1
538,US,Group_A,Religion_C,single,part_time,63,32802.86,698,10355.97,0.511,0.27607148210577354,0,0.2858830169925733,1
539,US,Group_B,Religion_A,divorced,full_time,18,81981.99,649,17055.17,0.08,0.11981395132929712,0,0.128452413103912,1
540,India,Group_C,Religion_B,married,self_employed,33,38240.29,700,16864.52,0.532,0.32243109016888843,0,0.3640088414736953,1
541,China,Group_A,None/Not disclosed,single,unemployed,29,18636.86,654,21863.88,0.601,0.8104306911100652,0,0.7381760946430267,0
542,France,Group_C,Religion_B,single,full_time,40,63024.82,707,27914.85,0.191,0.16883891726552439,0,0.1993188823339582,1
543,India,Group_B,None/Not disclosed,single,student,38,10145.2,539,21095.15,0.463,0.92,1,0.9230248849391873,0
544,China,Group_D,Religion_A,single,full_time,35,84853.01,712,10702.05,0.261,0.06578210084901333,0,0.06705922744220154,1
545,US,Group_D,Religion_B,single,full_time,50,57493.56,734,1000.0,0.102,0.03757619793646616,0,0.056626139838084524,1
546,Germany,Group_A,Religion_B,widowed,unemployed,25,19262.91,679,11079.57,0.317,0.49366240693268054,1,0.45367293307821854,1
547,UK,Group_A,Religion_B,single,full_time,26,62473.95,715,5899.59,0.419,0.1068384539227057,0,0.10141481355017215,1
548,US,Group_B,None/Not disclosed,married,part_time,26,79391.59,662,11426.65,0.429,0.17957208008622252,0,0.1316824144938522,1
549,Canada,Group_A,Religion_A,single,self_employed,34,49925.51,737,20180.49,0.265,0.1314113549329402,1,0.18026730510863623,1
550,Germany,Group_A,None/Not disclosed,widowed,full_time,23,21525.12,675,18759.51,0.041,0.22532946373780263,0,0.31696711663713534,1
551,Germany,Group_D,None/Not disclosed,single,unemployed,37,8000.0,539,34723.6,0.049,0.9070522037448808,1,0.9210758935795244,0
552,US,Group_A,Religion_C,single,full_time,36,97773.17,732,22347.73,0.198,0.05991354657719942,0,0.059776022986447803,1
553,US,Group_A,Religion_B,married,self_employed,29,95404.3,547,35182.51,0.458,0.6706520262791608,1,0.6447304464268241,0
554,China,Group_C,Religion_B,single,full_time,48,52049.72,691,24436.25,0.157,0.19116411886142567,0,0.25131882014280243,1
555,US,Group_A,Religion_A,married,full_time,37,112915.33,641,27771.36,0.299,0.19043829884548935,0,0.1636387882330416,1
556,US,Group_A,None/Not disclosed,single,full_time,51,98245.41,636,14769.88,0.213,0.12846799512982077,0,0.13864970997389384,1
557,US,Group_D,Religion_B,married,unemployed,36,17167.05,623,8329.42,0.144,0.5362903226158329,0,0.5576130039801271,0
558,Germany,Group_A,None/Not disclosed,married,full_time,38,70889.82,617,13959.36,0.211,0.2252297467636596,0,0.252599681129309,1
559,France,Group_A,Religion_C,married,unemployed,31,21647.95,686,17893.17,0.363,0.5657985624781839,1,0.5189976875351983,0
560,Germany,Group_A,Religion_B,single,full_time,38,101954.54,674,12346.57,0.075,0.05327275118615586,0,0.05956454216708164,1
561,US,Group_D,Religion_C,single,full_time,47,79977.04,593,8989.72,0.125,0.1763827863023171,0,0.2155328535330773,1
562,US,Group_A,Religion_B,single,full_time,33,59523.13,770,21751.54,0.486,0.13514693400543537,0,0.12551254905939635,1
563,India,Group_B,None/Not disclosed,single,full_time,44,73244.15,685,8951.43,0.081,0.06715846598691051,0,0.08943365876064296,1
564,Singapore,Group_A,Religion_A,single,student,28,30481.96,689,4198.57,0.368,0.36945871522453116,1,0.327902250864303,1
565,Singapore,Group_A,None/Not disclosed,divorced,full_time,47,84858.14,776,7901.22,0.158,0.021995172255958807,0,0.0268093469326134,1
566,Singapore,Group_D,None/Not disclosed,married,self_employed,31,79719.74,752,15890.8,0.083,0.03788169818507845,0,0.054160656184854265,1
567,India,Group_B,None/Not disclosed,married,part_time,48,46369.43,713,9081.73,0.277,0.11845197366178238,1,0.1292956657330607,1
568,US,Group_D,Religion_B,single,full_time,39,78033.94,619,15947.19,0.447,0.324714907784534,1,0.30228649996363216,1
569,UK,Group_A,None/Not disclosed,single,part_time,56,40483.74,563,23404.0,0.098,0.5283876090916433,0,0.6062477748847604,0
570,France,Group_B,Religion_B,married,unemployed,24,28909.91,664,23169.99,0.394,0.6703726924633852,0,0.5981284335578767,0
571,UK,Group_C,None/Not disclosed,single,self_employed,20,75819.33,752,12052.57,0.12,0.03738506100194812,0,0.04961392956044537,1
572,India,Group_A,Religion_A,single,full_time,31,85204.29,697,6264.53,0.351,0.07846606456109075,0,0.07259740382049316,1
573,Germany,Group_A,Religion_B,married,part_time,21,29530.14,412,12819.39,0.346,0.9039347933750452,1,0.8975176430907782,0
574,India,Group_C,Religion_B,married,part_time,21,39618.12,735,23900.8,0.248,0.17474132285256389,0,0.16922269304308285,1
575,India,Group_A,Religion_B,widowed,full_time,45,76170.68,740,26002.77,0.339,0.12375438596426616,1,0.12739463605387372,1
576,Germany,Group_B,Religion_B,single,part_time,38,34792.31,647,21176.01,0.05,0.267500518184374,0,0.3264853642992996,1
577,China,Group_D,None/Not disclosed,married,full_time,32,145337.09,709,28812.92,0.06,0.03313444041735801,0,0.02824879834639717,1
578,France,Group_A,Religion_A,single,self_employed,33,29986.58,717,33562.82,0.083,0.24522722018342702,0,0.3761123271510789,1
579,India,Group_A,Religion_C,single,student,31,21867.06,585,13650.95,0.213,0.7154261681104768,0,0.7164485849921732,0
580,UK,Group_A,Religion_A,married,student,58,12565.17,740,31379.07,0.547,0.6960768272557726,0,0.6733204877445829,0
581,Germany,Group_A,None/Not disclosed,single,self_employed,29,67984.7,575,15655.05,0.297,0.40216620069375325,0,0.4551113881115789,1
582,France,Group_A,None/Not disclosed,married,part_time,22,74061.22,666,27178.64,0.421,0.31396154774633056,0,0.2374265004481318,1
583,US,Group_B,Religion_B,single,self_employed,48,43106.11,658,24377.15,0.215,0.32105269919313983,0,0.4472176873680567,1
584,UK,Group_A,Religion_C,single,full_time,35,56211.74,608,1000.0,0.055,0.13933654947283153,1,0.19096386087125727,1
585,China,Group_B,None/Not disclosed,divorced,full_time,62,77521.87,693,9303.96,0.216,0.07839796988917883,0,0.1010966870920299,1
586,Singapore,Group_A,None/Not disclosed,single,full_time,32,54870.98,768,7008.41,0.296,0.05376342621105595,0,0.061144424672403414,1
587,US,Group_A,Religion_B,married,full_time,48,102134.74,764,1961.58,0.404,0.02561685114877115,0,0.02319957530638747,1
588,UK,Group_A,Religion_B,single,student,51,14632.46,688,25913.83,0.249,0.611670152543266,0,0.6404987280690796,0
589,US,Group_B,None/Not disclosed,divorced,unemployed,32,27035.87,524,36618.95,0.168,0.92,1,0.918093042562603,0
590,US,Group_A,Religion_A,single,full_time,29,41713.14,570,15680.95,0.078,0.40420035287938033,1,0.49435355211400206,1
591,China,Group_A,None/Not disclosed,single,full_time,47,28673.5,682,25687.41,0.36,0.4084952203987331,1,0.4765456178382386,1
592,Germany,Group_C,Religion_B,married,self_employed,45,51599.76,667,31361.63,0.163,0.30569524246358687,1,0.42276389050092017,1
593,US,Group_B,None/Not disclosed,single,full_time,21,35179.74,633,19874.99,0.167,0.3488584569854689,1,0.4100408024043789,1
594,France,Group_A,Religion_A,single,self_employed,24,99540.62,813,17772.18,0.304,0.023930428453135203,0,0.024334225332422504,1
595,US,Group_D,Religion_A,widowed,student,18,8000.0,633,15788.81,0.415,0.7643172714982664,1,0.7271519154652187,0
596,US,Group_A,None/Not disclosed,married,full_time,45,49671.15,711,22838.03,0.205,0.16848966013857458,0,0.21526764289031072,1
597,Canada,Group_A,None/Not disclosed,married,full_time,35,89291.82,744,25872.25,0.087,0.054567629868425706,0,0.061895381685396225,1
598,Singapore,Group_A,None/Not disclosed,married,full_time,36,61992.26,674,22156.24,0.163,0.18158734797240725,0,0.21617826628107967,1
599,China,Group_A,None/Not disclosed,married,full_time,18,36548.01,850,21847.17,0.271,0.0514491464693227,0,0.05888762621886793,1
600,Singapore,Group_A,Religion_B,married,full_time,25,133691.02,599,17539.17,0.244,0.12902852642215762,0,0.0984425176289814,1
601,Germany,Group_B,Religion_A,married,full_time,32,50655.4,625,3663.41,0.164,0.17604971755443727,0,0.22062446301321142,1
602,India,Group_A,Religion_A,single,full_time,30,72642.16,599,26079.45,0.101,0.3165691823376896,0,0.35428535267256056,1
603,China,Group_C,Religion_B,single,full_time,39,63847.55,787,6438.37,0.303,0.03674453145608685,0,0.04163035683415599,1
604,Canada,Group_D,Religion_A,married,full_time,45,93166.91,708,23574.47,0.221,0.09348952140901481,0,0.09834104694365155,1
605,China,Group_B,None/Not disclosed,married,self_employed,65,75518.52,629,24801.63,0.458,0.40563014394001173,0,0.4663860240548436,1
606,India,Group_B,Religion_A,married,full_time,38,55428.33,605,7736.11,0.056,0.1876755751956599,1,0.2539836455302321,1
607,India,Group_B,Religion_A,single,unemployed,51,19491.13,754,12529.79,0.212,0.2467168636693477,0,0.2670854325565281,1
608,US,Group_D,Religion_A,single,full_time,28,66462.42,680,37093.27,0.298,0.3403070031223823,0,0.33793447182816555,1
609,Canada,Group_A,Religion_A,married,full_time,18,98446.59,776,17284.66,0.242,0.03181673695551522,0,0.027414601116919672,1
610,Germany,Group_A,Religion_A,married,full_time,34,46104.81,665,7018.08,0.325,0.1971705864250568,0,0.22445742108034697,1
611,France,Group_B,Religion_C,single,self_employed,19,108207.87,708,25207.91,0.176,0.0706343484609386,0,0.07329713268967691,1
612,Singapore,Group_B,Religion_B,married,full_time,38,57274.29,693,11045.92,0.171,0.10626523898396023,0,0.13462723375425176,1
613,China,Group_A,Religion_C,married,full_time,29,74862.92,623,1000.0,0.481,0.21179613895199387,0,0.18668263140464458,1
614,China,Group_B,None/Not disclosed,divorced,full_time,18,46332.29,659,22677.93,0.304,0.33584309110648003,0,0.34708567754321334,1
615,US,Group_A,Religion_C,single,student,59,8000.0,557,9750.44,0.408,0.8581452588336729,1,0.8681850108810761,0
616,Canada,Group_D,Religion_C,divorced,full_time,32,45869.47,688,20890.7,0.472,0.33208522173515825,0,0.3302333711176727,1
617,Canada,Group_A,Religion_B,married,full_time,18,51504.72,727,10685.79,0.244,0.09324647495476047,0,0.10233062626142457,1
618,UK,Group_A,Religion_A,married,unemployed,49,18810.22,724,24364.84,0.333,0.5197481815690145,1,0.5102533251617862,0
619,US,Group_A,Religion_B,single,full_time,29,51274.25,720,19651.48,0.195,0.13003833000633097,0,0.1550945088385453,1
620,US,Group_A,None/Not disclosed,married,full_time,51,96988.58,660,1000.0,0.489,0.10553393168395749,0,0.09327588567965217,1
621,India,Group_A,Religion_C,married,self_employed,29,45500.73,786,21438.11,0.02,0.05077228006330765,0,0.08826865146649422,1
622,Germany,Group_A,Religion_A,single,full_time,32,53598.84,737,15392.42,0.113,0.07344611334489505,1,0.09644245380348845,1
623,China,Group_A,Religion_B,single,full_time,42,67271.95,774,30750.46,0.355,0.12421307362255023,0,0.1285110046087478,1
624,Germany,Group_A,None/Not disclosed,married,full_time,45,105104.5,779,21556.87,0.417,0.049311841726130616,0,0.04139651650735696,1
625,China,Group_A,Religion_C,married,full_time,47,79538.41,661,24805.42,0.338,0.24485427984519323,0,0.2500277274946488,1
626,UK,Group_A,Religion_C,single,unemployed,37,20423.29,679,11605.13,0.281,0.4727798466366468,0,0.45891969685963563,1
627,India,Group_A,None/Not disclosed,single,part_time,44,19438.94,728,10889.39,0.279,0.1657187681651643,0,0.1971758445671978,1
628,US,Group_A,Religion_C,single,part_time,47,18824.44,584,17769.16,0.374,0.6593440110304637,0,0.6873937624097166,0
629,France,Group_A,Religion_C,divorced,full_time,40,39776.78,585,14754.45,0.275,0.474514158664584,1,0.5409151862917219,0
630,India,Group_A,Religion_A,widowed,self_employed,36,94730.87,573,30042.08,0.405,0.5131814300263038,0,0.5116443320558236,0
631,China,Group_A,Religion_A,single,self_employed,21,77070.31,662,16620.13,0.388,0.2071551161061264,0,0.21270414801410628,1
632,India,Group_C,None/Not disclosed,single,full_time,45,48394.82,645,6976.6,0.377,0.25305971379652004,0,0.2874354828889367,1
633,US,Group_D,Religion_C,single,unemployed,39,9087.78,499,10551.77,0.415,0.92,1,0.9179875445333039,0
634,UK,Group_D,Religion_B,married,part_time,33,25609.56,666,26685.46,0.222,0.3990736535844375,1,0.4305987268490361,1
635,US,Group_B,Religion_C,divorced,self_employed,53,43872.69,663,16494.68,0.274,0.2619519540381183,0,0.374954794900013,1
636,US,Group_B,Religion_A,married,full_time,21,90566.22,759,16013.59,0.265,0.04429487614079184,0,0.03978560512744254,1
637,Singapore,Group_A,None/Not disclosed,single,full_time,58,70150.26,821,27541.69,0.351,0.06163387093930221,1,0.07022464005419994,1
638,Canada,Group_C,Religion_A,single,self_employed,38,103998.17,704,9767.13,0.056,0.03118772695061829,0,0.04267045148288324,1
639,India,Group_C,None/Not disclosed,single,self_employed,42,85179.9,618,1000.0,0.296,0.13194863169082513,0,0.1618211313238317,1
640,India,Group_C,Religion_B,married,full_time,33,109031.0,719,10324.2,0.448,0.06061010433497383,0,0.04587827218837011,1
641,Canada,Group_C,Religion_A,married,full_time,18,87137.82,671,20178.8,0.388,0.18675500907429193,0,0.15304864430985007,1
642,India,Group_A,Religion_A,married,self_employed,36,55384.51,652,15754.4,0.387,0.29459445849940763,0,0.34867539464397546,1
643,US,Group_C,None/Not disclosed,single,full_time,42,88220.2,605,3956.13,0.324,0.1704646543704587,0,0.17000740535148107,1
644,US,Group_C,Religion_A,divorced,full_time,46,62278.9,635,27144.54,0.373,0.42206162772245726,0,0.44039293245413624,1
645,Singapore,Group_A,Religion_A,single,part_time,36,61253.27,657,19471.47,0.124,0.18201681458873983,0,0.19179831235041767,1
646,India,Group_D,None/Not disclosed,married,full_time,18,88297.09,712,21501.13,0.535,0.17196039880119796,0,0.12399168861680321,1
647,US,Group_A,Religion_B,divorced,full_time,20,85162.44,708,21776.49,0.036,0.06583005553341456,0,0.0729946155096034,1
648,Germany,Group_D,Religion_B,married,full_time,63,78196.98,769,6313.28,0.467,0.05114224451561438,0,0.05397492236859118,1
649,Singapore,Group_C,Religion_A,divorced,unemployed,25,26147.38,706,20725.91,0.029,0.32510983281279116,1,0.33744052663262647,1
650,US,Group_A,None/Not disclosed,single,full_time,55,38858.62,702,26167.08,0.542,0.4169913463805336,1,0.44267817515705954,1
651,UK,Group_B,Religion_A,married,part_time,27,64092.63,647,28262.79,0.354,0.38077930465756055,0,0.32601390790401374,1
652,China,Group_A,Religion_A,single,student,36,16827.23,570,24491.37,0.273,0.8610958278303581,1,0.8597033926634849,0
653,Singapore,Group_C,Religion_B,married,part_time,46,15822.1,627,22618.17,0.307,0.563608442126226,1,0.6103124390327989,0
654,US,Group_C,Religion_A,single,full_time,28,52779.84,618,2363.21,0.277,0.21671853389740822,0,0.2415256016421678,1
655,India,Group_B,Religion_B,single,full_time,57,32932.96,478,17865.59,0.02,0.6970223149794451,0,0.8136306262903904,0
656,UK,Group_C,Religion_A,single,full_time,39,91229.22,594,9390.83,0.244,0.1897033913403085,0,0.19367888608177442,1
657,India,Group_A,Religion_A,single,part_time,44,24827.3,790,29539.51,0.36,0.19409573356286375,0,0.20654818297512711,1
658,US,Group_A,Religion_B,married,student,35,19062.61,662,28173.42,0.608,0.8388744151160559,1,0.7867005858412639,0
659,France,Group_A,None/Not disclosed,married,self_employed,46,90803.44,642,9445.24,0.27,0.12396289938626168,1,0.15319818757027306,1
660,UK,Group_A,Religion_A,single,full_time,57,59653.94,700,17586.2,0.211,0.13400617233939136,0,0.177343609340781,1
661,US,Group_A,Religion_A,widowed,full_time,36,70680.77,523,20236.58,0.033,0.43821544236564186,0,0.5101988251476814,0
662,China,Group_A,None/Not disclosed,divorced,unemployed,59,11964.08,669,26107.12,0.177,0.637901350218958,0,0.6834450144748377,0
663,US,Group_A,None/Not disclosed,single,full_time,31,67397.85,766,2919.44,0.261,0.034310646588499,0,0.03790584337148828,1
664,US,Group_A,Religion_C,single,unemployed,47,38309.52,631,1000.0,0.376,0.473980685168587,0,0.4350302810392886,1
665,UK,Group_C,Religion_A,married,full_time,44,93181.81,537,18343.34,0.132,0.33871580321967004,0,0.369302799944173,1
666,Canada,Group_A,Religion_B,married,self_employed,25,58977.38,639,1000.0,0.476,0.22579785790684798,0,0.24378842231544168,1
667,India,Group_C,Religion_A,single,self_employed,41,45354.64,766,19427.15,0.317,0.11270919548841239,0,0.15905483765856998,1
668,China,Group_A,Religion_A,married,full_time,38,76836.11,689,23329.87,0.237,0.1515615370375679,1,0.16234134413705145,1
669,US,Group_A,Religion_B,single,full_time,28,81550.39,564,29124.72,0.516,0.65092448889424,0,0.5837253290223218,0
670,UK,Group_B,Religion_C,single,unemployed,42,17715.7,834,12396.89,0.254,0.12461633688312153,0,0.1270553410383198,1
671,US,Group_A,Religion_B,married,full_time,40,92470.62,576,19450.63,0.477,0.43871154972735193,1,0.3877348608358819,1
672,France,Group_A,Religion_C,married,full_time,37,48353.15,652,23863.59,0.34,0.3788351983828154,1,0.40920715482368925,1
673,China,Group_B,Religion_A,married,full_time,37,51836.02,592,7418.52,0.291,0.33296281875530226,0,0.3743059349165298,1
674,Canada,Group_A,Religion_B,single,full_time,37,88106.34,592,26238.13,0.239,0.34850928548503207,0,0.349353872630148,1
675,France,Group_A,None/Not disclosed,single,self_employed,34,38413.4,636,20469.08,0.078,0.2879968895721401,1,0.4253462554433336,1
676,UK,Group_B,None/Not disclosed,single,full_time,40,97902.17,718,12550.98,0.068,0.034216061986385216,0,0.03995518840128249,1
677,China,Group_A,Religion_B,single,full_time,30,77610.14,767,19272.43,0.258,0.05708024116526673,0,0.05797075235042937,1
678,Germany,Group_C,Religion_C,single,unemployed,70,8000.0,613,16745.99,0.299,0.7651580268005528,1,0.7986153348719407,0
679,US,Group_A,Religion_A,married,full_time,21,80989.33,594,25020.67,0.153,0.313743048163589,0,0.3179599356133559,1
680,UK,Group_D,Religion_A,married,full_time,31,24917.45,684,14755.86,0.373,0.3127486196085973,0,0.3570847744080905,1
681,US,Group_C,Religion_C,married,part_time,32,38715.82,708,20043.81,0.071,0.1405760990216656,0,0.16770121861281356,1
682,US,Group_D,Religion_A,single,unemployed,62,10799.26,637,12411.62,0.221,0.6131413747167617,1,0.6618527991712408,0
683,US,Group_C,Religion_B,single,part_time,22,54195.26,691,9559.41,0.364,0.1606039525166759,0,0.13611910437840516,1
684,Germany,Group_A,Religion_B,married,self_employed,43,89372.37,662,19543.8,0.322,0.16932317406385336,0,0.194301703000945,1
685,Singapore,Group_B,Religion_A,single,full_time,41,49043.09,677,9929.09,0.178,0.13910223753428097,0,0.18302119489481883,1
686,UK,Group_A,Religion_A,married,full_time,42,22833.8,656,25205.22,0.304,0.47273370153893635,1,0.5541252427024693,0
687,Germany,Group_C,Religion_B,single,student,53,8507.09,724,23330.09,0.117,0.4254417191489528,1,0.49940122893527195,1
688,China,Group_B,None/Not disclosed,married,unemployed,53,12596.31,816,11113.97,0.416,0.21245255393860668,0,0.20771624836560776,1
689,Canada,Group_A,Religion_C,divorced,part_time,33,60724.93,683,19924.02,0.364,0.2299014349212439,0,0.20025413958581276,1
690,France,Group_D,Religion_B,married,full_time,40,71284.55,636,11072.7,0.238,0.17716846848572085,0,0.1988963614690638,1
691,US,Group_A,Religion_A,married,full_time,18,103482.33,689,3561.18,0.122,0.03332260467805759,1,0.031817230507297775,1
692,China,Group_B,Religion_C,married,full_time,39,68302.17,621,12624.97,0.227,0.22122956198279228,1,0.24974308964740385,1
693,US,Group_B,Religion_A,single,unemployed,28,20616.56,705,17547.15,0.511,0.5974674085906387,0,0.5138904840909868,0
694,UK,Group_A,Religion_B,married,self_employed,36,64257.74,703,22692.68,0.118,0.12150351436783564,0,0.17709700010860352,1
695,China,Group_B,None/Not disclosed,divorced,full_time,18,108208.52,638,19345.32,0.247,0.13818896614276166,0,0.11402221123745676,1
696,France,Group_C,Religion_B,widowed,full_time,43,79671.13,738,26169.07,0.02,0.05983457402619072,0,0.07901504026805369,1
697,Canada,Group_A,Religion_A,single,full_time,18,49134.79,671,9169.5,0.464,0.2497026621141659,0,0.23332057208894852,1
698,France,Group_B,Religion_A,single,full_time,40,122294.64,597,14609.71,0.413,0.19676035822098537,0,0.1536909787331509,1
699,Singapore,Group_A,Religion_A,married,self_employed,23,58338.45,696,32799.3,0.225,0.2542402900601134,1,0.30883748733464883,1
700,US,Group_B,Religion_B,married,part_time,28,32782.15,688,1000.0,0.391,0.17469971732950168,0,0.16738888109843136,1
701,US,Group_A,None/Not disclosed,single,full_time,52,8000.0,742,13932.41,0.426,0.2518741696875265,0,0.33004751906408863,1
702,UK,Group_D,Religion_A,single,part_time,45,41599.29,709,8356.55,0.188,0.10721185623285681,0,0.1267785914997218,1
703,US,Group_C,Religion_C,single,student,52,9836.21,632,16241.41,0.31,0.7158181227194098,0,0.7382168322422838,0
704,India,Group_A,Religion_C,married,full_time,57,78445.32,635,14089.97,0.213,0.17125382548900409,0,0.20694055725911717,1
705,US,Group_A,Religion_A,single,full_time,29,67002.89,670,23419.4,0.432,0.3004031110587826,0,0.2782066867380939,1
706,France,Group_B,Religion_A,single,full_time,56,62296.55,697,20299.69,0.119,0.1217189602929788,0,0.17017122322275027,1
707,India,Group_B,Religion_B,single,full_time,20,67910.45,706,6249.44,0.495,0.12840189267124327,1,0.1078202606159083,1
708,India,Group_A,Religion_C,divorced,full_time,47,89479.27,693,12706.54,0.166,0.06620922746134991,0,0.07671024314723833,1
709,Germany,Group_A,Religion_B,single,part_time,32,47723.96,663,17998.95,0.115,0.19480608166232974,0,0.2145374637901479,1
710,Germany,Group_A,Religion_C,single,full_time,27,69519.46,745,24654.43,0.512,0.17608494287515028,0,0.14794029516751253,1
711,China,Group_D,None/Not disclosed,married,full_time,45,98819.31,584,39896.61,0.407,0.5733175935573968,0,0.5282552104041611,0
712,Singapore,Group_A,None/Not disclosed,single,unemployed,49,21391.9,850,24325.16,0.354,0.1929706394219428,0,0.18298671312826223,1
713,India,Group_C,None/Not disclosed,divorced,full_time,49,59305.84,727,8887.5,0.312,0.08844527593096181,0,0.10630674314902913,1
714,China,Group_A,None/Not disclosed,divorced,part_time,41,41708.37,585,17155.39,0.6,0.6794492405534938,0,0.6245105644464163,0
715,India,Group_D,None/Not disclosed,single,part_time,40,11487.81,661,19628.79,0.301,0.44445889419863144,1,0.49150931407311516,1
716,US,Group_A,None/Not disclosed,single,self_employed,44,70294.34,728,13325.48,0.03,0.046545937409017454,0,0.07889798576368692,1
717,France,Group_A,Religion_C,single,self_employed,42,27017.17,644,22232.32,0.472,0.5569876303661075,0,0.6400539675397225,0
718,US,Group_D,None/Not disclosed,single,unemployed,44,8000.0,504,1000.0,0.275,0.8485148518443663,1,0.8575721568183085,0
719,Singapore,Group_D,None/Not disclosed,single,part_time,40,8000.0,586,22978.35,0.165,0.6373835084913723,1,0.7086948682538312,0
720,China,Group_A,Religion_B,single,full_time,48,73219.31,711,13712.51,0.683,0.21692367080956693,0,0.1801147995017221,1
721,Germany,Group_A,Religion_C,single,full_time,18,118928.54,538,17012.65,0.172,0.24817965933944733,0,0.21155890611390266,1
722,Germany,Group_A,Religion_B,married,full_time,36,74803.81,561,31191.51,0.061,0.44560349050476306,1,0.5012542958382026,0
723,US,Group_A,None/Not disclosed,single,full_time,21,95569.88,710,6646.35,0.259,0.04699530666098249,0,0.04196144421212231,1
724,China,Group_A,Religion_B,single,full_time,41,142218.17,653,20454.47,0.024,0.04278354789149303,0,0.04104049181341916,1
725,US,Group_C,None/Not disclosed,married,full_time,58,83025.8,618,25145.29,0.374,0.3609308328728181,0,0.371353534688321,1
726,US,Group_A,None/Not disclosed,single,full_time,32,57109.71,633,19533.03,0.278,0.3169577073208709,1,0.341882341239125,1
727,US,Group_B,None/Not disclosed,single,full_time,40,60867.38,560,3472.27,0.297,0.3460244133716111,1,0.3813381202208641,1
728,US,Group_A,Religion_A,single,full_time,47,78017.97,706,30153.57,0.405,0.22488664463730848,1,0.21899810494328378,1
729,Germany,Group_A,Religion_C,single,self_employed,18,51634.31,610,16097.81,0.101,0.27435935922872734,1,0.36408207458155045,1
730,Germany,Group_B,None/Not disclosed,single,part_time,32,31382.11,630,13252.13,0.039,0.24509757054500225,0,0.3017049690501888,1
731,US,Group_A,None/Not disclosed,married,self_employed,42,87414.53,696,15205.65,0.406,0.12381298759595041,0,0.13541957814095995,1
732,US,Group_B,None/Not disclosed,divorced,full_time,18,106014.07,651,14560.68,0.332,0.12365952527844444,0,0.09650945666282582,1
733,US,Group_A,Religion_C,single,unemployed,26,8167.86,581,7288.38,0.047,0.6298924892935837,0,0.66611455116693,0
734,UK,Group_D,Religion_C,single,self_employed,51,36070.72,512,19484.56,0.646,0.8747835056903837,1,0.8945291180290855,0
735,US,Group_B,Religion_A,married,full_time,50,65332.68,698,12624.9,0.199,0.10008614832566089,0,0.1277986330808681,1
736,Canada,Group_C,None/Not disclosed,married,student,42,18579.65,660,24037.99,0.27,0.6649151934034028,1,0.6706856174583482,0
737,US,Group_A,Religion_A,single,full_time,49,109205.96,631,22658.36,0.129,0.13028048272975587,0,0.1397273153039239,1
738,US,Group_A,Religion_C,single,part_time,41,72746.17,592,32631.02,0.503,0.6392625504736122,1,0.5568378061364597,0
739,UK,Group_A,None/Not disclosed,single,self_employed,45,54405.93,671,16095.3,0.467,0.29396206498818234,0,0.34562105520768616,1
740,UK,Group_B,Religion_B,married,full_time,34,66650.61,706,10770.75,0.096,0.06619719289479245,0,0.0845109754348677,1
741,US,Group_A,Religion_A,single,part_time,39,47033.98,677,4772.32,0.241,0.1338362153028701,0,0.14305601882413335,1
742,US,Group_A,Religion_A,single,full_time,30,59375.48,793,37740.09,0.296,0.13399889974557372,1,0.13942047453606415,1
743,India,Group_A,None/Not disclosed,single,full_time,53,74151.74,723,23958.97,0.183,0.10125314249673747,0,0.12576073333739984,1
744,US,Group_A,Religion_B,single,full_time,56,66669.46,662,11768.22,0.404,0.20835323896380628,0,0.22821252961534588,1
745,Germany,Group_A,Religion_A,married,full_time,55,8000.0,725,33238.4,0.375,0.46548697078946805,0,0.5681626718134435,0
746,Germany,Group_A,Religion_C,married,full_time,33,79375.14,674,30205.46,0.089,0.1632958687111366,0,0.18642541969890208,1
747,UK,Group_A,Religion_A,married,part_time,27,36510.77,673,5838.5,0.496,0.2748682720295695,1,0.23954843371697113,1
748,Germany,Group_B,None/Not disclosed,single,full_time,53,112704.61,767,11218.73,0.348,0.027050146280421097,0,0.02480067952838441,1
749,India,Group_A,Religion_B,single,full_time,45,78149.89,603,16809.08,0.151,0.22901358649997366,1,0.26779962698546583,1
750,India,Group_A,Religion_A,married,self_employed,42,36454.49,672,8369.23,0.35,0.232621860867358,1,0.31926026372508265,1
751,US,Group_B,Religion_A,married,full_time,30,70953.9,759,17130.78,0.272,0.06589753513108397,0,0.06853699760468482,1
752,UK,Group_C,Religion_B,single,full_time,43,15947.59,693,24407.66,0.333,0.4023911253380941,1,0.487532765792446,1
753,US,Group_A,Religion_B,single,self_employed,25,37451.62,642,5640.65,0.61,0.413309695578699,0,0.4331236658996471,1
754,Germany,Group_B,None/Not disclosed,married,unemployed,46,26893.4,526,20637.0,0.406,0.9102738961945099,1,0.895294149585667,0
755,Canada,Group_D,Religion_B,married,full_time,55,63113.98,486,28516.48,0.137,0.7219168828497308,1,0.7847960095179457,0
756,US,Group_B,Religion_B,divorced,full_time,58,103184.47,826,21601.98,0.38,0.027245818253515554,0,0.025909367218657612,1
757,UK,Group_D,Religion_A,married,self_employed,47,15036.85,670,17319.45,0.213,0.3295793846517425,1,0.4960496081572015,1
758,China,Group_C,Religion_A,single,unemployed,21,14754.63,605,11987.08,0.458,0.7896862514417831,1,0.7357169193397823,0
759,US,Group_A,None/Not disclosed,single,full_time,40,65018.51,696,25477.58,0.133,0.148471230615246,0,0.18302877737979287,1
760,Germany,Group_A,Religion_A,single,full_time,64,104094.67,599,7407.72,0.213,0.1293006237092362,0,0.147555531391675,1
761,Canada,Group_B,None/Not disclosed,married,full_time,28,96366.42,645,20185.13,0.171,0.136359158922243,0,0.1337711885199683,1
762,US,Group_D,Religion_B,married,part_time,37,36924.86,591,18229.64,0.161,0.44030762304949916,1,0.4811652596277259,1
763,US,Group_A,Religion_A,single,unemployed,55,33868.86,535,28130.5,0.367,0.9110912926060798,1,0.9003597107017988,0
764,US,Group_A,Religion_A,divorced,self_employed,45,56626.02,512,12755.26,0.471,0.7008016871776607,0,0.7450019860417755,0
765,China,Group_B,Religion_A,single,full_time,68,114447.71,550,13520.38,0.366,0.2966625110460199,1,0.2901597426557785,1
766,US,Group_A,None/Not disclosed,single,part_time,29,24746.59,747,6823.22,0.204,0.09089185047926097,0,0.10541077188265596,1
767,US,Group_C,Religion_B,single,self_employed,26,32916.21,596,21935.56,0.274,0.5523594437507231,1,0.6466102475290589,0
768,US,Group_B,Religion_B,married,full_time,53,98549.98,710,14185.66,0.24,0.058992269769279834,0,0.06351699231386282,1
769,US,Group_B,Religion_C,divorced,self_employed,24,26610.69,742,10241.33,0.206,0.10738521848642016,0,0.16625250797367966,1
770,Singapore,Group_C,Religion_C,married,full_time,36,84025.92,671,11098.65,0.236,0.10077641931173038,0,0.10560911656582912,1
771,US,Group_B,None/Not disclosed,divorced,full_time,37,80765.85,648,22833.95,0.383,0.274271487307309,0,0.25805855706650044,1
772,France,Group_B,None/Not disclosed,divorced,part_time,50,53630.79,680,8073.36,0.275,0.14282120163298007,0,0.1524669878513202,1
773,France,Group_C,Religion_C,married,full_time,45,66784.33,639,8872.51,0.155,0.14321316242867155,0,0.18116650731253273,1
774,India,Group_C,None/Not disclosed,married,student,43,9911.07,746,26067.25,0.222,0.44656162260108856,1,0.4772714961755924,1
775,US,Group_C,None/Not disclosed,single,full_time,33,86817.42,811,16504.91,0.182,0.021770411677300823,1,0.023199138473112495,1
776,India,Group_A,Religion_B,married,full_time,53,59909.67,779,26599.01,0.273,0.09413003345378498,0,0.11605007991881902,1
777,Singapore,Group_B,Religion_C,married,full_time,75,55207.2,509,14765.8,0.243,0.6120485484558473,1,0.7098984600706908,0
778,US,Group_A,Religion_A,married,full_time,46,90951.92,637,17989.87,0.177,0.14972107113436817,1,0.16591700851316457,1
779,India,Group_C,None/Not disclosed,single,full_time,39,74347.72,670,19406.69,0.21,0.15564990717465813,0,0.17386939587812342,1
780,India,Group_B,None/Not disclosed,married,self_employed,22,55733.61,705,30485.58,0.068,0.16545963008775053,0,0.23337559588296777,1
781,US,Group_A,Religion_A,divorced,full_time,30,75739.99,540,29752.86,0.264,0.6080585904477914,0,0.6060620428066554,0
782,China,Group_A,None/Not disclosed,single,full_time,35,121531.47,539,28379.13,0.265,0.39352817402725776,0,0.343095367631411,1
783,Germany,Group_A,None/Not disclosed,widowed,part_time,32,32952.8,768,12340.63,0.579,0.17447730925384208,0,0.1452373167033483,1
784,Singapore,Group_B,Religion_A,single,full_time,38,65113.86,628,9118.53,0.322,0.22883244272186584,0,0.24452366896940156,1
785,China,Group_A,Religion_B,single,part_time,59,15693.39,558,24847.12,0.249,0.7402444321106603,1,0.7977835273566218,0
786,UK,Group_A,None/Not disclosed,single,full_time,53,76843.76,587,30390.84,0.038,0.3410991478568085,1,0.42293163361889513,1
787,India,Group_C,None/Not disclosed,married,full_time,36,90230.39,699,28465.37,0.095,0.10036231065318264,0,0.1118460939822089,1
788,US,Group_C,Religion_A,married,self_employed,24,79269.65,608,18117.44,0.454,0.37566978335040474,1,0.3697475117020312,1
789,India,Group_A,Religion_B,single,self_employed,54,67461.95,688,24550.28,0.222,0.17905655733934336,0,0.25328749186290717,1
790,Singapore,Group_A,Religion_C,married,unemployed,37,27265.4,565,24708.49,0.228,0.8317813311798592,0,0.8215917633626076,0
791,US,Group_D,Religion_A,single,full_time,18,90318.71,521,19340.49,0.404,0.5676293067059572,1,0.49883564251609913,1
792,UK,Group_B,Religion_B,single,full_time,47,108383.54,777,19731.36,0.333,0.03634094386650831,0,0.03280296284084419,1
793,US,Group_B,Religion_A,married,self_employed,50,87392.89,700,18883.76,0.206,0.0895694905669134,0,0.12094705006615533,1
794,US,Group_A,Religion_A,married,part_time,18,60430.2,645,10907.13,0.213,0.18009222996603108,0,0.16345689166475083,1
795,US,Group_A,Religion_C,married,part_time,28,33976.93,631,11825.53,0.248,0.3216420341227328,0,0.3334367400644866,1
796,UK,Group_A,Religion_C,married,part_time,37,18266.37,780,11686.59,0.163,0.07858728674930612,0,0.10158265631861416,1
797,US,Group_B,Religion_C,widowed,self_employed,47,78449.88,714,3606.87,0.192,0.04534765851786561,0,0.06643260836479066,1
798,US,Group_A,None/Not disclosed,single,full_time,32,99309.1,756,19285.74,0.131,0.03333302174541471,0,0.034391590342263495,1
799,Canada,Group_A,Religion_B,single,part_time,28,60430.44,626,17634.84,0.283,0.30640507234285486,0,0.2795121472819265,1
800,Canada,Group_B,Religion_A,single,full_time,47,112979.23,674,24857.68,0.294,0.12052896422202508,0,0.10954642863840995,1
801,Canada,Group_D,Religion_A,married,full_time,32,124597.25,677,29346.46,0.038,0.06630033987392259,0,0.06407495634483718,1
802,US,Group_C,Religion_A,married,part_time,45,40421.4,629,29918.65,0.607,0.6979498207276933,1,0.6458226892231124,0
803,China,Group_A,Religion_B,married,full_time,25,84246.53,663,30766.19,0.251,0.23585164099444414,0,0.22345024235851307,1
804,France,Group_A,Religion_A,single,full_time,22,40189.96,626,11186.27,0.288,0.32501105189025886,1,0.357025651530813,1
805,US,Group_A,Religion_A,single,unemployed,47,24372.34,686,5112.37,0.113,0.27698923475599063,0,0.3095414056843129,1
806,US,Group_A,Religion_A,married,self_employed,41,52430.55,571,26376.69,0.503,0.7126728771996715,1,0.7453864283004195,0
807,Canada,Group_B,Religion_C,widowed,full_time,49,82212.13,713,30439.2,0.316,0.16830970857194172,0,0.17391607934195885,1
808,US,Group_A,Religion_C,single,student,32,13530.56,671,32003.93,0.361,0.7722441913969995,0,0.7521290967696984,0
809,Germany,Group_B,None/Not disclosed,single,full_time,28,90878.33,655,22364.97,0.207,0.15675330509969124,0,0.15282096777021278,1
810,China,Group_C,None/Not disclosed,single,self_employed,54,56679.32,704,1000.0,0.435,0.11212389366638209,0,0.15104558550327568,1
811,US,Group_D,Religion_C,single,full_time,20,94133.5,615,21290.49,0.181,0.20230805154658327,1,0.19044487273350408,1
812,US,Group_A,Religion_A,single,full_time,53,8000.0,620,22998.97,0.74,0.8230214391148339,1,0.8333475856373164,0
813,China,Group_A,Religion_C,single,full_time,54,79085.39,711,29268.68,0.067,0.10269370774125666,0,0.13649654916793214,1
814,France,Group_A,Religion_A,married,full_time,48,110827.97,714,30866.66,0.178,0.08041633073926495,0,0.08110639999329114,1
815,US,Group_A,Religion_B,single,full_time,30,129052.32,632,26186.7,0.064,0.0940685166890977,0,0.0863674640844533,1
816,China,Group_A,Religion_B,single,full_time,28,97982.54,626,12714.49,0.385,0.18701350417830112,0,0.15611808378716932,1
817,China,Group_A,Religion_B,single,part_time,35,61998.65,656,8737.94,0.296,0.17159453319851417,0,0.15952011927038473,1
818,France,Group_C,Religion_A,divorced,full_time,22,77448.05,629,22805.65,0.265,0.2749182452903531,0,0.26426924144082686,1
819,Singapore,Group_A,Religion_C,single,full_time,26,73036.03,784,10868.26,0.38,0.04690560192470577,0,0.043312828822924816,1
820,US,Group_D,None/Not disclosed,single,student,46,16030.76,656,31276.23,0.32,0.7729206139419713,0,0.7739565674248338,0
821,US,Group_A,None/Not disclosed,single,part_time,46,38956.4,671,2658.97,0.299,0.16715005443939646,0,0.1838093911695348,1
822,France,Group_A,Religion_C,married,student,25,11643.1,596,23101.98,0.444,0.8758401011955121,1,0.8509308977572577,0
823,US,Group_A,Religion_B,married,full_time,46,63933.94,725,20875.81,0.074,0.08137577865572616,0,0.11267923657595803,1
824,Singapore,Group_A,Religion_A,single,full_time,43,47638.23,624,16139.1,0.444,0.43939232414475726,0,0.4605928071587818,1
825,India,Group_A,Religion_C,single,part_time,56,44210.64,621,9673.95,0.26,0.2934962246218703,1,0.3308636804679225,1
826,US,Group_D,Religion_B,single,part_time,45,33890.94,709,1000.0,0.528,0.18304725350143453,0,0.1723356562407828,1
827,France,Group_A,Religion_A,married,full_time,51,68164.19,699,13217.14,0.504,0.182338420541045,1,0.17963444311985857,1
828,US,Group_A,Religion_B,divorced,unemployed,44,17636.54,473,13375.05,0.293,0.92,1,0.9243198932674264,0
829,India,Group_B,None/Not disclosed,single,part_time,50,45894.02,658,28005.63,0.107,0.29007104827688757,0,0.3413693855323036,1
830,US,Group_A,Religion_C,single,self_employed,23,81018.15,679,10954.3,0.097,0.07105579924487515,0,0.09425677407563246,1
831,Singapore,Group_B,Religion_B,married,full_time,37,47136.97,645,22074.94,0.09,0.25557557831443123,1,0.3319511187831952,1
832,France,Group_A,Religion_C,married,part_time,38,18496.98,682,6369.84,0.482,0.31788624531764614,1,0.31673737689144965,1
833,UK,Group_C,Religion_B,single,full_time,35,97851.93,534,22322.23,0.397,0.5244718337491138,0,0.4735060904113036,1
834,Singapore,Group_A,Religion_B,single,student,43,9336.66,439,1000.0,0.167,0.9020082274687702,1,0.9189538764787978,0
835,Canada,Group_A,Religion_A,single,full_time,46,92946.39,597,36857.67,0.229,0.42095850641190247,1,0.4276561424224252,1
836,France,Group_B,Religion_B,married,full_time,43,122141.62,691,16730.39,0.174,0.04697249218365295,0,0.04455183051382192,1
837,Canada,Group_C,Religion_C,married,full_time,36,112924.22,428,1000.0,0.243,0.4426445868666263,1,0.41796959943064665,1
838,China,Group_A,Religion_A,married,part_time,29,49071.96,607,11540.25,0.49,0.4595923080852987,0,0.3993396628666836,1
839,UK,Group_B,None/Not disclosed,married,student,51,22465.5,503,10119.04,0.209,0.8489741597385717,0,0.8658998435969602,0
840,Germany,Group_A,Religion_A,single,unemployed,42,39339.69,630,12097.64,0.215,0.5005698447532775,0,0.4843408220957673,1
841,US,Group_A,Religion_C,single,self_employed,26,9668.46,817,14718.23,0.049,0.05274437132897221,0,0.10545380884271854,1
842,India,Group_A,Religion_C,single,student,36,11762.56,654,12036.45,0.485,0.7018063011136693,1,0.668078624813412,0
843,France,Group_B,Religion_C,married,self_employed,18,82979.14,662,10652.29,0.312,0.1301683052208918,0,0.1375962769068489,1
844,UK,Group_A,Religion_C,married,full_time,38,67430.85,733,7571.85,0.263,0.06135146567749307,0,0.06974483877763141,1
845,US,Group_B,None/Not disclosed,single,part_time,36,55922.97,672,25396.1,0.496,0.39474999586244075,0,0.3336863125933795,1
846,China,Group_A,Religion_B,single,full_time,31,76925.63,654,28810.22,0.39,0.33398826341541554,0,0.30812075761302565,1
847,UK,Group_C,Religion_C,married,full_time,57,66502.82,739,15708.84,0.144,0.0628228796972735,0,0.08788852152740484,1
848,Canada,Group_C,Religion_C,married,full_time,24,64162.17,705,17841.27,0.183,0.112759194082212,0,0.1251378082063628,1
849,US,Group_A,Religion_A,married,full_time,46,63735.45,692,7863.02,0.234,0.09745725327149514,0,0.12002800514617672,1
850,China,Group_A,Religion_A,single,student,64,14553.21,635,18639.19,0.065,0.5800078871962905,1,0.671144782557536,0
851,US,Group_A,Religion_B,divorced,student,51,19708.35,627,20069.67,0.295,0.7195811341939107,1,0.7317214504785884,0
852,US,Group_C,Religion_A,married,full_time,38,53549.96,739,16025.41,0.507,0.17023596940021407,0,0.1658249528112317,1
853,India,Group_A,Religion_B,married,self_employed,24,86685.41,645,21564.67,0.078,0.13791370290622249,0,0.1749211458220249,1
854,China,Group_B,Religion_B,married,full_time,22,95833.07,762,20778.38,0.446,0.07218713861203598,0,0.0539523718418217,1
855,US,Group_A,Religion_C,divorced,full_time,33,105812.97,591,8512.75,0.312,0.17439988096107922,0,0.15348125810624735,1
856,Germany,Group_C,Religion_A,divorced,full_time,30,38996.25,778,28737.43,0.29,0.14947201255855044,0,0.17309835843602095,1
857,Canada,Group_A,None/Not disclosed,married,full_time,29,31604.29,705,16131.18,0.243,0.19626968601602976,0,0.2424572710353547,1
858,India,Group_B,Religion_B,single,full_time,34,77885.73,597,33080.14,0.465,0.5862933612056382,1,0.5409713586022789,0
859,UK,Group_D,Religion_C,single,full_time,37,146439.05,671,21783.79,0.177,0.048668417988325725,0,0.03883017562599562,1
860,Germany,Group_A,Religion_A,married,full_time,44,112567.5,621,35738.4,0.256,0.2797731773243865,0,0.25782289674664033,1
861,Canada,Group_C,Religion_B,married,full_time,23,58360.44,673,28577.42,0.369,0.34413882185409617,1,0.3325819261858331,1
862,Canada,Group_A,Religion_A,single,unemployed,30,25268.74,613,20044.71,0.103,0.6337584105979099,1,0.638588871323104,0
863,India,Group_A,Religion_C,single,full_time,36,97374.13,660,11492.04,0.325,0.11248629814300037,0,0.10263027417743763,1
864,France,Group_C,Religion_B,divorced,full_time,36,31800.53,741,11685.89,0.611,0.2382778385516972,0,0.23494055836165054,1
865,US,Group_B,None/Not disclosed,divorced,full_time,60,115390.79,709,22797.31,0.165,0.05451844628521934,1,0.05932994426374487,1
866,China,Group_B,Religion_B,divorced,full_time,41,73429.32,586,19288.13,0.393,0.44212015712777053,0,0.4362349060152643,1
867,India,Group_A,Religion_C,single,full_time,19,73473.83,590,12698.76,0.233,0.2765009972609799,0,0.27519573569902334,1
868,India,Group_A,Religion_A,married,full_time,43,78649.32,690,25497.54,0.094,0.11787609890839632,0,0.14447108374908255,1
869,US,Group_A,Religion_C,married,part_time,45,52089.7,696,18348.94,0.482,0.2695095563302914,1,0.2394820533228674,1
870,US,Group_B,Religion_B,single,part_time,36,28691.76,619,25551.09,0.229,0.5162311374386676,0,0.5477122246350684,0
871,Canada,Group_A,Religion_B,single,self_employed,23,26166.43,789,9220.77,0.1,0.048611559107626615,0,0.0854826654604542,1
872,US,Group_A,Religion_A,widowed,part_time,59,43408.34,731,26995.25,0.477,0.29239842018183093,0,0.2861952798531518,1
873,China,Group_A,Religion_A,single,full_time,25,22208.13,623,22508.96,0.621,0.7186058904576514,0,0.7035208231981575,0
874,UK,Group_A,Religion_A,married,full_time,46,69779.87,616,28778.13,0.532,0.5581798170869422,1,0.5291396525642499,0
875,Canada,Group_A,None/Not disclosed,married,full_time,40,110401.67,653,26796.87,0.238,0.149799953493443,0,0.13843770075017917,1
876,China,Group_A,Religion_B,married,full_time,45,93809.26,645,17235.42,0.274,0.156385334281577,0,0.15791125908681486,1
877,UK,Group_C,Religion_A,single,full_time,58,101663.68,764,16511.63,0.428,0.051284378954792674,0,0.04743140283225133,1
878,US,Group_B,None/Not disclosed,married,full_time,45,94935.59,744,34047.28,0.346,0.12300103739914293,0,0.11391984662651655,1
879,Singapore,Group_A,Religion_A,single,self_employed,31,119835.11,673,15384.88,0.366,0.08688214758543804,0,0.07892202261845778,1
880,France,Group_B,Religion_B,married,full_time,51,61941.06,721,24735.9,0.13,0.11590193132234722,0,0.15606737036187554,1
881,UK,Group_C,Religion_C,single,full_time,30,81334.51,732,14567.52,0.198,0.056931894611145215,0,0.06020703213160838,1
882,Singapore,Group_A,None/Not disclosed,married,part_time,40,33019.66,674,1243.05,0.246,0.15109780590684718,0,0.17273141144918486,1
883,China,Group_A,Religion_C,married,full_time,22,102016.76,700,6953.95,0.061,0.030266672321738543,0,0.03138497496952295,1
884,Germany,Group_A,Religion_B,single,self_employed,26,63599.17,715,21653.29,0.287,0.14784714147412814,1,0.17851711791899072,1
885,US,Group_A,None/Not disclosed,single,student,39,28828.72,694,24310.19,0.224,0.49866040070527534,0,0.4976815834018067,1
886,UK,Group_C,Religion_A,married,student,42,9499.94,595,21682.92,0.491,0.8862637559339266,1,0.8724028773928403,0
887,UK,Group_D,None/Not disclosed,single,full_time,18,111272.99,608,28313.55,0.624,0.44591146280161176,0,0.30527732876700053,1
888,US,Group_A,None/Not disclosed,single,full_time,44,94192.71,648,21521.34,0.154,0.1390253848178307,0,0.15238340290298757,1
889,US,Group_B,None/Not disclosed,married,part_time,28,38556.91,617,11022.89,0.359,0.39403217313760713,0,0.3766351996615769,1
890,Canada,Group_A,Religion_A,divorced,part_time,53,46404.34,560,23348.72,0.126,0.5269274914702453,1,0.5862767727459209,0
891,UK,Group_B,Religion_A,married,part_time,34,42566.26,721,19526.47,0.217,0.15333220914499693,0,0.16216573874598986,1
892,China,Group_C,Religion_C,single,full_time,25,79592.56,696,12819.98,0.249,0.09110913274770725,0,0.09027753986039525,1
893,US,Group_A,Religion_B,widowed,full_time,39,72352.42,570,22252.67,0.171,0.3963795463037409,1,0.43763047288516504,1
894,US,Group_A,Religion_B,married,full_time,27,58846.63,652,18714.33,0.235,0.2373805703414104,0,0.25853059372523796,1
895,Canada,Group_B,None/Not disclosed,single,full_time,53,68852.56,656,12555.0,0.154,0.13391577775820993,0,0.17508746571618516,1
896,China,Group_D,Religion_C,single,full_time,38,24451.66,665,16399.21,0.167,0.2746084267222375,1,0.3692018847783398,1
897,US,Group_A,Religion_B,single,student,36,23304.27,570,30722.1,0.608,0.92,0,0.9185463529353133,0
898,US,Group_A,Religion_B,single,full_time,45,44280.02,568,30427.99,0.277,0.6750288869539549,1,0.7261662929544329,0
899,US,Group_A,Religion_A,married,part_time,26,36029.12,709,19693.3,0.368,0.2540503441078025,0,0.23688285940513276,1
900,France,Group_B,Religion_A,single,student,23,22082.68,534,18515.4,0.107,0.8167534498980887,1,0.8225959940571343,0
901,Germany,Group_B,Religion_A,married,full_time,43,100915.53,653,5102.59,0.26,0.07664262315722553,0,0.0763488090674132,1
902,US,Group_C,None/Not disclosed,single,full_time,25,20040.65,646,33474.29,0.102,0.48710569710261287,0,0.587107017237035,0
903,US,Group_C,Religion_C,single,self_employed,25,49504.86,661,27327.08,0.518,0.4899591300748954,0,0.5062881372148588,0
904,Germany,Group_C,Religion_B,single,full_time,48,86400.23,689,24767.56,0.437,0.20589261683601584,0,0.1910957079502157,1
905,China,Group_C,Religion_B,married,full_time,44,74874.68,790,1000.0,0.111,0.02,0,0.019582165669538763,1
906,Singapore,Group_A,Religion_C,married,self_employed,23,95328.65,550,18368.3,0.23,0.3481134298770776,0,0.368528123948705,1
907,Germany,Group_B,None/Not disclosed,single,self_employed,31,46303.89,736,16855.84,0.252,0.12002882594890489,0,0.16790729231069526,1
908,US,Group_A,None/Not disclosed,single,self_employed,27,18384.31,482,24145.34,0.113,0.8253210464618362,1,0.8976442633149929,0
909,US,Group_A,Religion_B,single,student,59,23105.05,770,13940.72,0.25,0.22819022727956417,0,0.2565627035687215,1
910,US,Group_D,None/Not disclosed,married,full_time,49,53002.52,497,15914.61,0.521,0.7955177669355227,1,0.7986122278016031,0
911,India,Group_B,Religion_B,single,self_employed,33,24993.2,850,23574.72,0.261,0.06582800588608577,0,0.10432283799004406,1
912,India,Group_D,Religion_B,married,part_time,45,29927.48,632,11037.79,0.412,0.41892350049472327,1,0.42733048282327174,1
913,China,Group_A,None/Not disclosed,single,part_time,22,55797.12,767,12833.62,0.316,0.07159550256623938,0,0.061649269218951364,1
914,China,Group_B,Religion_B,single,self_employed,30,36261.0,751,19739.94,0.284,0.143711356556983,0,0.20088795369377324,1
915,China,Group_A,Religion_B,married,self_employed,39,118143.91,637,30046.37,0.075,0.12691628708684116,0,0.15078014203229106,1
916,China,Group_A,Religion_B,married,unemployed,43,15548.31,621,25276.23,0.127,0.71511560937193,1,0.740053774919403,0
917,US,Group_A,Religion_B,single,full_time,37,80375.4,607,27678.64,0.227,0.3474156729314653,1,0.35976073083108895,1
918,US,Group_B,Religion_B,divorced,part_time,41,22358.84,729,18569.85,0.195,0.17699863042045633,0,0.21501978017485607,1
919,US,Group_A,Religion_C,single,full_time,39,78703.15,638,31455.7,0.598,0.5219982395667404,1,0.4533045807674193,1
920,France,Group_D,Religion_B,single,part_time,36,31902.67,575,2329.36,0.363,0.4530817269352594,0,0.458995773262152,1
921,US,Group_A,Religion_A,single,self_employed,34,31114.01,710,36200.15,0.138,0.3079234346062982,0,0.4384479326081787,1
922,India,Group_A,None/Not disclosed,married,self_employed,33,129287.56,603,37365.83,0.501,0.4087068589962194,0,0.33638804774615777,1
923,Singapore,Group_C,Religion_B,married,full_time,41,60469.08,645,22109.55,0.398,0.36162602306245123,1,0.3704048221126526,1
924,France,Group_A,None/Not disclosed,single,full_time,43,64501.17,678,25490.36,0.067,0.15720741178615855,0,0.20661466527665745,1
925,US,Group_D,Religion_A,divorced,full_time,40,98165.19,602,17658.0,0.26,0.2205673109403273,0,0.21479972742331135,1
926,US,Group_B,Religion_C,married,full_time,24,126908.58,633,16113.88,0.558,0.18152791613330613,0,0.11200563267882481,1
927,US,Group_A,Religion_B,divorced,full_time,26,108751.73,785,12502.17,0.107,0.02,0,0.013800177197904795,1
928,India,Group_B,None/Not disclosed,married,unemployed,43,12750.91,613,17558.89,0.238,0.7282642091582568,0,0.7381569120352904,0
929,France,Group_B,Religion_A,divorced,full_time,56,83839.72,643,23003.4,0.559,0.3685687143223867,1,0.33662201991582125,1
930,Canada,Group_C,None/Not disclosed,married,student,40,8000.0,632,21778.95,0.365,0.7921695345033928,0,0.7893874207150915,0
931,US,Group_C,Religion_B,single,full_time,33,100930.34,704,35879.43,0.196,0.13356813285432773,0,0.12652282392573816,1
932,UK,Group_B,Religion_C,single,self_employed,41,25444.1,592,18902.47,0.165,0.4986543407489717,1,0.6531561524303527,0
933,UK,Group_B,Religion_B,married,part_time,24,28036.3,702,4600.54,0.59,0.26980165988351845,0,0.22452269850354487,1
934,India,Group_A,Religion_A,single,self_employed,54,64927.17,689,32798.8,0.063,0.18249368467597232,0,0.2868215875262117,1
935,India,Group_B,Religion_B,married,part_time,40,45074.34,536,7011.41,0.454,0.6158038670252202,0,0.5882863728695495,0
936,US,Group_D,Religion_A,single,self_employed,30,53841.19,771,12965.48,0.248,0.06108292362670496,0,0.08509288503590406,1
937,China,Group_B,Religion_B,married,unemployed,36,33696.94,762,20445.69,0.378,0.32887252784657184,0,0.2792304801284997,1
938,US,Group_B,Religion_C,single,part_time,32,46622.9,610,21754.58,0.33,0.4804459530915568,0,0.4598932196225838,1
939,China,Group_A,Religion_B,divorced,full_time,54,95600.99,586,4991.06,0.24,0.16216319681626232,0,0.17789676955768252,1
940,US,Group_C,Religion_A,single,full_time,36,37776.58,687,11281.75,0.232,0.17515854021796606,0,0.22305434592227294,1
941,US,Group_D,Religion_A,single,self_employed,40,96868.33,534,4672.96,0.487,0.38638184050706176,0,0.3806006436230518,1
942,India,Group_A,Religion_A,married,full_time,45,56076.32,772,23595.42,0.514,0.1586937018341152,0,0.15633545329776763,1
943,US,Group_A,Religion_A,married,full_time,29,125434.91,635,28650.42,0.082,0.11088238521195548,0,0.1011943510784546,1
944,UK,Group_B,Religion_C,married,part_time,40,63237.97,792,7003.46,0.465,0.05209784202527828,0,0.04266494670982381,1
945,Germany,Group_A,Religion_A,divorced,full_time,41,91995.52,608,26960.94,0.287,0.3230310279395169,1,0.3151837261346151,1
946,US,Group_B,None/Not disclosed,single,self_employed,19,88478.3,662,26377.01,0.339,0.22687457695127125,0,0.2248197486718102,1
947,Canada,Group_A,Religion_A,married,self_employed,41,8000.0,765,12068.36,0.306,0.1497550150027125,0,0.24655102292440423,1
948,India,Group_A,Religion_A,single,self_employed,37,60563.7,646,1000.0,0.226,0.1251273187166504,0,0.17635993703090716,1
949,India,Group_B,None/Not disclosed,married,self_employed,40,90074.27,690,8358.7,0.236,0.06606329565708464,0,0.08297962998430147,1
950,UK,Group_B,Religion_A,single,unemployed,38,29118.73,734,12642.68,0.049,0.19222507041354644,0,0.21184472122346856,1
951,France,Group_B,Religion_B,single,part_time,41,22350.78,628,31875.04,0.479,0.7222525776002648,1,0.7118479762999756,0
952,US,Group_B,None/Not disclosed,married,student,54,16149.55,549,16935.28,0.161,0.8145417204159344,1,0.8463419920977827,0
953,US,Group_B,None/Not disclosed,married,full_time,24,8757.22,561,8938.55,0.384,0.6779146428978444,0,0.7266928739236383,0
954,US,Group_C,Religion_C,single,part_time,34,40370.21,714,19330.64,0.201,0.16350390476902607,0,0.17663788811825895,1
955,China,Group_B,Religion_A,divorced,self_employed,46,22154.28,699,6341.87,0.066,0.11578216748072115,0,0.22706231262183788,1
956,China,Group_B,Religion_C,married,full_time,44,104966.42,750,22629.06,0.454,0.07788131611716956,0,0.06307427642993249,1
957,India,Group_B,None/Not disclosed,single,full_time,44,110288.39,649,9201.02,0.375,0.10441113544812586,0,0.09019925985643334,1
958,Germany,Group_A,None/Not disclosed,married,part_time,71,32524.89,563,10507.29,0.184,0.47077834587426276,0,0.5704557938303653,0
959,Germany,Group_A,Religion_A,single,full_time,45,92230.83,494,21379.43,0.292,0.5950108610728834,0,0.5923024407032486,0
960,France,Group_B,Religion_B,single,unemployed,52,20328.34,850,33752.1,0.615,0.4107016338864878,0,0.3404064042547418,1
961,France,Group_C,Religion_B,married,full_time,34,75716.7,710,37780.09,0.095,0.16181345143569306,0,0.18606071261038098,1
962,Germany,Group_B,Religion_A,single,full_time,26,46679.82,680,8641.21,0.361,0.19232356944220383,0,0.2039462783871988,1
963,US,Group_A,Religion_C,single,part_time,34,44993.8,691,12630.54,0.112,0.12404024268573116,0,0.1427970176168648,1
964,US,Group_B,Religion_A,married,full_time,47,33195.64,563,22639.79,0.038,0.5166111420988284,0,0.6500050426521433,0
965,China,Group_A,Religion_B,single,full_time,43,28042.91,610,28519.1,0.153,0.533894716364509,0,0.6396925855898745,0
966,Germany,Group_B,Religion_A,married,part_time,43,37335.68,801,1000.0,0.135,0.026466763170292947,0,0.034259651449700855,1
967,China,Group_C,Religion_B,married,full_time,35,67014.94,719,18786.03,0.48,0.17844806187662052,0,0.1638215072490577,1
968,US,Group_B,Religion_A,single,full_time,34,85433.84,613,13615.71,0.186,0.1787701443089398,0,0.18946234191125125,1
969,France,Group_B,Religion_B,married,part_time,36,30134.22,578,1000.0,0.207,0.348278254035343,1,0.3904539810506652,1
970,US,Group_A,Religion_A,single,part_time,47,64739.69,631,5965.49,0.245,0.17209277643559312,0,0.17607343356453392,1
971,US,Group_A,None/Not disclosed,married,self_employed,48,68653.76,646,12890.03,0.337,0.21603628969214894,0,0.27265473692935027,1
972,US,Group_C,Religion_A,single,full_time,26,76307.66,824,18529.34,0.436,0.044306003813882756,0,0.03782781814673828,1
973,US,Group_B,Religion_B,divorced,full_time,47,83384.48,656,27072.93,0.09,0.16401691868523693,0,0.1987343844666863,1
974,China,Group_B,Religion_A,single,student,30,24318.33,560,21189.13,0.403,0.8779309320317463,1,0.8540479818855294,0
975,UK,Group_A,Religion_A,married,part_time,44,46862.64,666,26527.85,0.409,0.4133401616996451,1,0.3928688361558762,1
976,Singapore,Group_A,Religion_A,single,full_time,36,90067.09,690,18240.52,0.433,0.15043616769726553,0,0.12936801382643992,1
977,Germany,Group_A,Religion_A,single,self_employed,57,81743.64,574,11655.49,0.386,0.3546895841038825,0,0.41380797280286336,1
978,UK,Group_A,Religion_A,married,full_time,33,28188.02,700,16346.25,0.07,0.15527634866048995,1,0.22822824242658094,1
979,France,Group_A,Religion_B,married,self_employed,40,24349.22,761,24259.66,0.328,0.20078404553908458,1,0.2895465291250157,1
980,US,Group_D,Religion_C,widowed,self_employed,45,51632.22,653,27293.06,0.395,0.43065181539722275,1,0.504938944324904,0
981,China,Group_B,Religion_A,single,student,28,16754.65,598,16669.13,0.324,0.7790479951676824,0,0.7621277888742934,0
982,India,Group_A,Religion_B,single,student,37,21652.8,608,9637.96,0.052,0.5206776498307608,0,0.5711220997274848,0
983,Canada,Group_A,Religion_C,single,full_time,35,77796.94,546,21020.92,0.132,0.406222526778848,0,0.4434151523675848,1
984,Germany,Group_A,Religion_A,single,self_employed,32,78237.43,660,22301.83,0.175,0.16872487462109503,1,0.2129536407410262,1
985,US,Group_C,Religion_B,divorced,full_time,33,35729.99,693,29094.47,0.603,0.5268021169588317,1,0.505666264573573,0
986,China,Group_A,Religion_A,divorced,part_time,51,38853.34,603,11891.13,0.446,0.49503534566667967,0,0.49296349311953763,1
987,UK,Group_C,Religion_A,divorced,part_time,31,11989.67,815,11989.82,0.399,0.10077235505361425,0,0.106059263570716,1
988,US,Group_C,Religion_B,single,full_time,45,81767.59,729,24805.44,0.263,0.10318076962624825,0,0.11042754928627498,1
989,UK,Group_A,None/Not disclosed,single,full_time,42,26722.82,536,14333.1,0.445,0.7521251478971533,0,0.7855385879775133,0
990,India,Group_B,None/Not disclosed,married,full_time,21,87508.87,537,13952.84,0.413,0.477494751631546,0,0.4181157928247718,1
991,Singapore,Group_D,None/Not disclosed,single,full_time,44,30966.57,561,29287.26,0.351,0.7651146986804456,1,0.8056385152241838,0
992,Canada,Group_A,Religion_B,married,full_time,21,67529.69,788,5660.95,0.579,0.06196650443021609,0,0.04832808534897481,1
993,India,Group_A,Religion_A,single,unemployed,46,28890.94,713,36505.83,0.457,0.7054787367703578,0,0.6512897943207369,0
994,US,Group_D,Religion_B,single,full_time,32,80413.93,776,12486.28,0.475,0.06022413951370239,0,0.05103640904914769,1
995,China,Group_C,Religion_A,married,self_employed,38,19666.05,671,25800.56,0.26,0.42287952807555723,1,0.5599995367564216,0
996,Germany,Group_B,Religion_A,single,self_employed,22,49703.04,654,17020.8,0.66,0.4793321034678713,1,0.4619702435088773,1
997,Singapore,Group_B,Religion_A,divorced,self_employed,39,30843.64,576,20442.26,0.71,0.812557748380604,1,0.8251456688135209,0
998,US,Group_A,Religion_B,single,full_time,49,31733.09,696,15634.92,0.177,0.18469985490504914,1,0.26454733459257196,1
999,China,Group_C,Religion_B,single,unemployed,28,16553.43,624,25709.19,0.046,0.6662675761190875,0,0.6876051051181877,0
1000,US,Group_A,Religion_A,single,self_employed,31,77746.79,652,14874.09,0.499,0.25989619155564603,0,0.25879174713263886,1
1001,US,Group_A,Religion_C,single,self_employed,43,72054.67,791,12843.48,0.361,0.04588580918389894,0,0.057693274922118294,1
1002,Germany,Group_B,Religion_B,married,unemployed,44,26640.23,640,34320.08,0.117,0.7059260996893516,0,0.7197815670951658,0
1003,US,Group_D,None/Not disclosed,single,part_time,18,35973.65,744,18264.44,0.093,0.09793117356760694,0,0.10866761212506044,1
1004,US,Group_C,Religion_A,married,full_time,62,65181.07,551,11918.74,0.272,0.428955009145629,0,0.49877626413503723,1
1005,Singapore,Group_A,Religion_B,divorced,unemployed,44,13737.37,841,4587.42,0.174,0.07549173853784705,0,0.08626788531497888,1
1006,UK,Group_A,Religion_A,single,full_time,46,65985.82,642,34790.2,0.276,0.4124646861781102,0,0.44484438073686566,1
1007,China,Group_D,Religion_B,single,self_employed,36,31426.49,710,13032.67,0.443,0.2448988085091848,0,0.31100932456907476,1
1008,US,Group_D,Religion_A,single,full_time,18,48493.43,710,36556.54,0.053,0.21238019689375026,0,0.2572355807697324,1
1009,Canada,Group_B,Religion_A,married,full_time,46,80427.7,633,21589.69,0.031,0.15607031323985404,0,0.20093494621079547,1
1010,Germany,Group_B,Religion_C,married,full_time,31,71956.33,731,19285.97,0.235,0.08904551507522304,0,0.09512089390056858,1
1011,Singapore,Group_A,Religion_A,single,full_time,45,161667.08,735,19528.59,0.198,0.02,0,0.012827005213555339,1
1012,France,Group_A,Religion_A,married,student,35,9521.49,593,37943.56,0.384,0.92,1,0.9202576911178211,0
1013,Germany,Group_A,None/Not disclosed,married,full_time,41,74584.8,617,1000.0,0.104,0.1050880841725463,0,0.13372598730560306,1
1014,China,Group_A,Religion_A,single,self_employed,29,32610.09,673,19929.07,0.345,0.347924813210799,1,0.4323886446875442,1
1015,UK,Group_A,Religion_C,single,full_time,48,64251.12,661,15613.17,0.337,0.2197493715289221,1,0.2433373543229069,1
1016,US,Group_C,Religion_B,widowed,student,24,8364.77,759,16082.16,0.461,0.4455990363595455,0,0.3976761431419129,1
1017,Singapore,Group_A,Religion_A,single,full_time,65,101065.22,723,19343.81,0.474,0.10182561854938128,0,0.09446957660329715,1
1018,India,Group_A,Religion_B,single,full_time,65,65724.1,665,15603.71,0.167,0.14803876649136652,0,0.20496509922202663,1
1019,US,Group_B,Religion_A,single,full_time,58,72776.97,715,19693.18,0.303,0.12275537213979158,0,0.14344609346995724,1
1020,Germany,Group_A,Religion_C,married,part_time,53,31454.26,517,17787.8,0.158,0.6724912482461131,0,0.7345036206668855,0
1021,China,Group_A,Religion_A,single,student,37,9173.37,607,6177.98,0.248,0.65341592466192,1,0.6741995406502294,0
1022,Canada,Group_B,Religion_A,single,student,52,13891.76,660,21432.29,0.184,0.6096881043218112,0,0.6563254574928897,0
1023,China,Group_A,Religion_B,single,full_time,37,67573.13,754,24444.49,0.389,0.12778193487878262,0,0.12593448338063526,1
1024,France,Group_B,None/Not disclosed,married,full_time,19,80015.45,685,13121.41,0.748,0.2759552170278747,0,0.1850481996629798,1
1025,Singapore,Group_D,None/Not disclosed,single,full_time,56,86702.46,757,34811.06,0.057,0.06714805272482631,0,0.08833299607026607,1
1026,US,Group_A,None/Not disclosed,divorced,full_time,52,71595.52,735,30020.15,0.438,0.19835418934627908,0,0.198889669777086,1
1027,China,Group_D,Religion_C,single,part_time,38,26527.11,594,25595.57,0.303,0.6418752705095411,1,0.6602207808988948,0
1028,UK,Group_D,Religion_C,single,full_time,23,25055.76,627,25486.39,0.374,0.5937486126251199,0,0.6231968385885549,0
1029,Canada,Group_C,Religion_B,divorced,part_time,31,40167.61,701,18270.87,0.137,0.1578879030881378,0,0.17675932359437288,1
1030,UK,Group_B,None/Not disclosed,married,unemployed,18,16641.59,616,28272.35,0.05,0.713144841624897,1,0.7178699823245701,0
1031,France,Group_B,Religion_B,single,full_time,49,98396.46,785,32136.79,0.168,0.04601060112147159,0,0.05022414413437059,1
1032,Canada,Group_B,Religion_B,married,full_time,19,113938.81,587,25272.22,0.154,0.21788256447569737,0,0.19031616371304735,1
1033,Germany,Group_B,Religion_C,married,full_time,41,69452.45,694,12867.45,0.524,0.19286369678690163,0,0.1765224086007638,1
1034,China,Group_A,Religion_B,single,full_time,28,50063.6,725,17642.87,0.351,0.16045916242169062,0,0.1692188255422816,1
1035,UK,Group_D,Religion_A,married,full_time,21,71967.0,615,23163.03,0.248,0.3256623920410578,0,0.3219445442902233,1
1036,Singapore,Group_B,Religion_B,married,part_time,41,43759.78,630,25539.7,0.265,0.43723543952786625,0,0.4486300405757053,1
1037,UK,Group_C,Religion_B,single,full_time,34,59579.37,664,17302.71,0.579,0.36303702350974193,0,0.3263592359227895,1
1038,UK,Group_A,None/Not disclosed,married,self_employed,48,52168.13,731,12898.72,0.287,0.10604575517569181,0,0.15628358704205111,1
1039,Germany,Group_A,Religion_B,single,unemployed,23,26339.2,605,32257.86,0.406,0.8701062023000788,1,0.8273134893226585,0
1040,US,Group_B,None/Not disclosed,single,student,29,21134.74,578,8349.12,0.588,0.842968753018216,1,0.7917876249384203,0
1041,US,Group_B,Religion_B,divorced,part_time,18,34273.15,756,9528.01,0.42,0.1254111610227087,0,0.10851596498447673,1
1042,Singapore,Group_A,None/Not disclosed,married,full_time,18,32843.99,700,6055.85,0.264,0.14491189541594623,1,0.17012119318526667,1
1043,Singapore,Group_A,Religion_A,married,full_time,60,90459.12,746,9508.04,0.063,0.024335030545217188,0,0.03393279112520254,1
1044,Singapore,Group_A,None/Not disclosed,married,full_time,63,57051.97,727,29226.1,0.129,0.1398951652775978,0,0.20186200039874755,1
1045,US,Group_B,Religion_B,married,student,39,19350.35,820,29527.49,0.116,0.20243100218800156,0,0.22659914287049343,1
1046,UK,Group_A,Religion_A,single,student,28,18952.29,744,17333.59,0.361,0.3982577784555562,1,0.36607277458863974,1
1047,US,Group_D,Religion_A,widowed,full_time,34,19379.3,577,22466.83,0.504,0.7786437018103299,1,0.7965938399214221,0
1048,India,Group_A,Religion_A,married,full_time,48,80213.53,705,17905.46,0.226,0.09572120695910491,0,0.10946695859999053,1
1049,India,Group_A,Religion_B,married,full_time,32,92046.74,628,7272.21,0.121,0.09404707676768764,0,0.10252391359841768,1
1050,US,Group_A,Religion_C,married,full_time,41,90511.77,636,37962.96,0.318,0.3823280078629198,0,0.3646688787706958,1
1051,Singapore,Group_B,None/Not disclosed,single,student,38,18739.4,540,30372.66,0.317,0.92,1,0.9211943768577774,0
1052,US,Group_A,Religion_C,single,full_time,31,19238.67,649,21189.77,0.181,0.39260950544860684,0,0.4897513071234638,1
1053,US,Group_B,Religion_B,single,full_time,32,112864.31,711,10296.99,0.556,0.07901594688173708,0,0.05326637217480389,1
1054,US,Group_D,Religion_B,single,full_time,42,84223.08,645,15975.59,0.545,0.2851384797181766,1,0.24474347820816986,1
1055,US,Group_A,None/Not disclosed,married,full_time,26,45149.38,588,11768.17,0.241,0.38918931035468846,0,0.4335642716110293,1
1056,Singapore,Group_B,None/Not disclosed,divorced,full_time,43,56494.07,556,18878.24,0.304,0.5498903165945727,1,0.5894066677251973,0
1057,China,Group_A,Religion_A,single,unemployed,32,23780.43,820,20789.31,0.22,0.16874768160381676,0,0.16061732033414317,1
1058,US,Group_A,None/Not disclosed,single,full_time,40,96558.11,694,14929.87,0.244,0.0759562550793316,0,0.0758625584849842,1
1059,France,Group_A,Religion_B,married,part_time,55,32339.31,608,4910.29,0.272,0.33306730879915775,0,0.38531300314917194,1
1060,Canada,Group_A,None/Not disclosed,single,full_time,36,100536.84,705,37188.53,0.111,0.11714181675756344,0,0.120954802872936,1
1061,China,Group_B,None/Not disclosed,divorced,full_time,49,29057.47,834,20137.74,0.249,0.06196391842565368,0,0.09033771376974853,1
1062,Singapore,Group_B,Religion_C,single,full_time,18,48063.98,717,22109.33,0.414,0.23674080424729058,0,0.22640559332301596,1
1063,US,Group_B,Religion_A,single,full_time,32,21642.86,461,14198.32,0.1,0.7802892747346891,0,0.8501580153083553,0
1064,Singapore,Group_B,Religion_C,single,full_time,38,49042.78,850,3941.9,0.076,0.02,0,0.01812716686251522,1
1065,UK,Group_B,Religion_A,divorced,full_time,61,119170.51,531,17250.3,0.345,0.3537020610401744,1,0.33340665044740614,1
1066,China,Group_A,None/Not disclosed,single,self_employed,18,111815.0,655,15091.0,0.054,0.05986254927191172,0,0.06847336518886035,1
1067,UK,Group_A,Religion_A,married,self_employed,37,70336.93,585,24385.81,0.355,0.49332457416338404,1,0.5399761531291495,0
1068,Canada,Group_A,Religion_C,single,student,55,12652.18,582,26154.7,0.253,0.8559957083176467,1,0.8736005266396267,0
1069,US,Group_B,None/Not disclosed,single,full_time,29,71949.23,691,24885.27,0.261,0.1778695023744717,1,0.1813492553698993,1
1070,UK,Group_D,Religion_A,divorced,self_employed,35,72517.47,490,26894.45,0.267,0.7262612849532739,1,0.7705303817824762,0
1071,India,Group_A,Religion_B,single,part_time,42,17665.31,663,34232.99,0.022,0.4083740549158613,0,0.5082502756905241,0
1072,Singapore,Group_B,Religion_C,single,full_time,40,60633.87,756,21508.67,0.262,0.09477142766785017,0,0.10975248780500262,1
1073,Germany,Group_C,Religion_B,married,full_time,57,112781.8,607,27892.94,0.12,0.18833122448878728,0,0.2060732904216173,1
1074,China,Group_C,Religion_A,married,full_time,43,41500.76,566,22444.75,0.329,0.63890162663703,1,0.6861449370725676,0
1075,India,Group_B,Religion_A,single,self_employed,54,47959.68,660,1000.0,0.282,0.14786134974619036,0,0.22762368153355458,1
1076,UK,Group_B,Religion_B,single,full_time,34,78360.19,645,16609.32,0.207,0.16850441748108208,0,0.1807880108380003,1
1077,France,Group_B,Religion_C,widowed,full_time,29,83551.65,625,10190.6,0.195,0.14587185554884607,0,0.15180111536395616,1
1078,Germany,Group_C,Religion_C,married,student,35,8000.0,565,20082.9,0.373,0.88942985213356,1,0.8837025483085725,0
1079,Singapore,Group_A,Religion_A,married,full_time,24,80101.13,709,10880.91,0.598,0.15251898082777593,0,0.1134759227155078,1
1080,UK,Group_D,Religion_B,married,student,44,15378.82,680,23451.13,0.403,0.689050081467842,1,0.674725860649041,0
1081,US,Group_A,Religion_B,married,self_employed,33,109623.03,590,26829.25,0.349,0.3321896267685195,0,0.322078149720276,1
1082,China,Group_C,Religion_A,single,self_employed,30,55202.64,600,28832.13,0.062,0.39236027313702326,0,0.512530009469654,0
1083,China,Group_A,Religion_C,single,self_employed,44,62046.86,680,32573.35,0.235,0.28149808420628697,0,0.3638310329334876,1
1084,India,Group_A,Religion_B,married,full_time,24,119699.45,598,2915.78,0.408,0.12896063143415243,0,0.0932527035267288,1
1085,China,Group_A,Religion_B,married,part_time,47,31503.89,683,7209.0,0.122,0.13754106370868271,0,0.17988890537635688,1
1086,Canada,Group_A,None/Not disclosed,divorced,self_employed,32,34870.97,780,44350.34,0.191,0.22731896631124565,1,0.3197704706826159,1
1087,India,Group_A,Religion_B,married,self_employed,52,70693.16,666,27085.71,0.515,0.3776299908152918,1,0.40926857631455466,1
1088,India,Group_A,Religion_C,single,full_time,33,103964.94,579,20020.03,0.237,0.26121414160129985,1,0.24346557947803044,1
1089,Germany,Group_A,Religion_A,married,full_time,46,87856.59,699,18288.34,0.588,0.19384091219907795,0,0.15870726298770593,1
1090,Germany,Group_A,Religion_A,married,full_time,40,75351.47,657,17488.26,0.686,0.3782565779248807,0,0.30909558664431114,1
1091,US,Group_C,Religion_A,single,full_time,47,32611.59,659,1000.0,0.46,0.2619208672611764,1,0.3034511886593185,1
1092,Singapore,Group_C,None/Not disclosed,married,part_time,39,35519.36,706,11049.04,0.099,0.11239157737102466,1,0.1411711925460102,1
1093,US,Group_B,None/Not disclosed,married,self_employed,18,93054.27,722,16993.37,0.564,0.12890501482061187,0,0.1049333298189384,1
1094,US,Group_A,Religion_A,single,self_employed,50,36923.84,673,11557.26,0.081,0.15236742035219183,1,0.2719389653257402,1
1095,France,Group_A,Religion_A,married,self_employed,37,59432.0,665,12733.78,0.316,0.19649350361096388,1,0.2492184549341073,1
1096,UK,Group_D,Religion_B,married,full_time,47,64784.8,787,41028.58,0.227,0.12908870783862983,0,0.15153222578033,1
1097,US,Group_A,Religion_C,divorced,full_time,46,56749.15,760,15735.12,0.248,0.07390445495647688,0,0.09266790877329023,1
1098,India,Group_A,Religion_C,single,full_time,29,81429.25,733,20503.08,0.374,0.10607382305662322,0,0.09502442103991325,1
1099,India,Group_D,Religion_C,married,full_time,27,84051.75,655,20182.83,0.112,0.13171218139177218,0,0.14260604684652647,1
1100,US,Group_D,None/Not disclosed,married,full_time,46,86105.92,572,23305.14,0.471,0.5187973217058437,0,0.4840573602791605,1
1101,US,Group_A,Religion_A,married,full_time,34,51333.09,755,13704.46,0.158,0.06427836552869315,0,0.08365897268469714,1
1102,UK,Group_B,Religion_C,single,full_time,49,31027.33,681,29222.83,0.291,0.39961618581817016,0,0.481961930128227,1
1103,India,Group_A,Religion_C,divorced,part_time,36,38681.04,627,21992.06,0.063,0.316605446401517,1,0.3695000847172836,1
1104,India,Group_C,Religion_B,divorced,full_time,50,57948.16,652,6415.52,0.169,0.1343806892901321,0,0.18079175597101477,1
1105,US,Group_A,None/Not disclosed,married,full_time,43,128185.93,598,17032.46,0.118,0.10681588919940187,0,0.10305217469382777,1
1106,India,Group_A,Religion_A,married,full_time,41,129447.11,749,16450.67,0.17,0.020637989339288874,0,0.01870477830578615,1
1107,US,Group_B,Religion_C,single,part_time,34,67306.54,721,16036.51,0.2,0.086916871056557,0,0.08359655922253818,1
1108,UK,Group_A,Religion_C,married,part_time,41,24881.65,684,22583.67,0.167,0.28316730832002973,0,0.3355031842272482,1
1109,China,Group_B,None/Not disclosed,single,full_time,52,93543.78,667,23712.53,0.267,0.15843428654759503,0,0.16585104651885393,1
1110,US,Group_A,Religion_B,married,full_time,37,101777.0,619,22649.88,0.038,0.1371055394167304,1,0.15274893198658143,1
1111,US,Group_C,Religion_B,single,student,44,15802.06,486,21050.24,0.309,0.92,1,0.9425220301976688,0
1112,Germany,Group_C,None/Not disclosed,married,part_time,39,29924.7,564,18770.74,0.146,0.5494475196958034,1,0.6046599619850191,0
1113,Singapore,Group_A,None/Not disclosed,single,self_employed,39,94101.0,614,1000.0,0.434,0.15906278547110042,0,0.16494673777903665,1
1114,China,Group_C,Religion_B,married,full_time,59,73040.75,603,25001.03,0.194,0.34296989854191184,1,0.4065421998643692,1
1115,China,Group_A,None/Not disclosed,married,self_employed,52,67914.41,692,22395.19,0.327,0.19405469470052653,0,0.2513117039868125,1
1116,US,Group_A,Religion_A,single,unemployed,39,10158.68,713,9137.15,0.115,0.30118012958338924,0,0.3386877272344203,1
1117,US,Group_A,Religion_C,single,full_time,41,93858.77,660,20525.24,0.386,0.19009052747835414,0,0.1716626876518372,1
1118,India,Group_C,None/Not disclosed,married,self_employed,30,53899.85,776,23831.45,0.164,0.07542593010479236,1,0.11008564236862488,1
1119,US,Group_C,Religion_B,married,full_time,36,82389.06,611,28541.22,0.256,0.3529155130734152,0,0.35484003546874043,1
1120,China,Group_D,Religion_B,single,part_time,42,36297.26,637,22592.71,0.331,0.4560440831385514,1,0.4650589583314843,1
1121,Singapore,Group_C,None/Not disclosed,single,full_time,48,74441.11,666,20894.42,0.539,0.31257869845094954,1,0.2876098227372824,1
1122,US,Group_D,None/Not disclosed,single,full_time,47,69736.79,714,26520.95,0.181,0.13176762127038763,0,0.1597790372810095,1
1123,India,Group_A,None/Not disclosed,married,student,25,22955.58,662,15241.14,0.125,0.4597499979887595,1,0.47041903530590745,1
1124,US,Group_D,Religion_B,married,unemployed,50,12893.19,599,21708.03,0.268,0.8037634089609865,1,0.8129762235677709,0
1125,Germany,Group_B,None/Not disclosed,single,full_time,37,38273.11,546,12409.98,0.159,0.5022832641286953,1,0.5924630239557489,0
1126,France,Group_A,Religion_A,married,student,26,21584.42,585,27992.67,0.47,0.899270990695277,1,0.8696439890804137,0
1127,Germany,Group_B,Religion_B,married,full_time,54,55914.15,752,3512.6,0.073,0.03269828905227695,0,0.05219184198665787,1
1128,Canada,Group_A,Religion_B,married,full_time,56,41847.65,514,25350.63,0.314,0.7829805118585457,0,0.8297820137989792,0
1129,Singapore,Group_A,None/Not disclosed,single,unemployed,41,14128.73,752,18159.38,0.265,0.3508864399841981,1,0.3532510813165219,1
1130,China,Group_A,None/Not disclosed,single,full_time,47,85734.97,707,26688.49,0.329,0.15101691529037384,0,0.1512848666814879,1
1131,China,Group_A,Religion_C,single,full_time,47,76486.39,614,10975.1,0.23,0.19958733435497208,0,0.2276356436560816,1
1132,Germany,Group_A,Religion_C,single,part_time,55,8000.0,608,18809.85,0.136,0.5107091744533054,1,0.6227482623985515,0
1133,US,Group_C,Religion_B,single,full_time,47,62977.7,812,18545.67,0.166,0.0344016494238113,0,0.04562679355058986,1
1134,Canada,Group_B,Religion_B,single,full_time,22,109920.01,776,21904.95,0.081,0.02187191080666163,0,0.02090392488134105,1
1135,China,Group_B,Religion_B,single,full_time,62,65679.63,661,8571.94,0.256,0.14135318773159944,0,0.18248912547381904,1
1136,US,Group_A,Religion_A,married,self_employed,51,61235.41,680,23725.94,0.195,0.19519985003002013,0,0.2818592452039594,1
1137,Germany,Group_A,Religion_B,single,full_time,32,106473.67,622,1386.95,0.267,0.08569942092059854,0,0.07769787563512576,1
1138,Germany,Group_A,None/Not disclosed,married,full_time,26,99716.86,680,11989.42,0.183,0.06499876502602912,0,0.062145075858087984,1
1139,US,Group_C,Religion_C,single,self_employed,44,81095.69,619,3935.43,0.219,0.13296100418820778,0,0.1773215273035119,1
1140,Singapore,Group_A,None/Not disclosed,married,full_time,35,8000.0,664,25453.97,0.407,0.5793799748949857,1,0.641891056246214,0
1141,UK,Group_B,Religion_B,single,full_time,42,125325.18,806,21601.18,0.101,0.02,1,0.01191990002893133,1
1142,India,Group_C,Religion_B,married,self_employed,47,74729.92,663,22104.35,0.32,0.22645408660480987,0,0.2770308660515741,1
1143,India,Group_B,Religion_A,married,self_employed,31,120998.59,591,31258.7,0.436,0.3759127485273238,1,0.32844854702996973,1
1144,India,Group_C,Religion_B,single,full_time,25,49483.51,568,15156.52,0.101,0.38408152364072085,1,0.45146521842516063,1
1145,UK,Group_A,Religion_B,married,unemployed,43,8421.43,650,23486.27,0.195,0.6863901305371843,1,0.7084915151309662,0
1146,UK,Group_C,Religion_A,single,self_employed,32,61611.39,613,18594.2,0.28,0.34383147381308304,1,0.40995983169206035,1
1147,Canada,Group_B,Religion_A,married,full_time,40,70482.34,688,17223.89,0.732,0.3356350818942837,0,0.26788201280890955,1
1148,India,Group_C,Religion_C,single,self_employed,22,70970.42,549,29759.63,0.045,0.47295536825565604,1,0.5634849100903272,0
1149,Germany,Group_B,Religion_B,single,self_employed,35,89454.62,722,36736.91,0.048,0.10012628387811788,0,0.13556126700409094,1
1150,China,Group_C,Religion_B,single,part_time,47,35374.67,590,14116.8,0.554,0.6360155671812733,1,0.6075148375724277,0
1151,US,Group_D,Religion_A,divorced,part_time,45,31946.41,650,25503.48,0.295,0.44784570068140317,0,0.4746550441819903,1
1152,India,Group_A,Religion_B,single,self_employed,29,76891.88,645,20872.05,0.095,0.16154033805398246,0,0.21495589352945887,1
1153,US,Group_C,Religion_B,married,student,24,14477.28,779,20980.01,0.173,0.2612868982454961,0,0.26745113411823834,1
1154,US,Group_B,Religion_B,single,part_time,38,34359.24,683,20224.6,0.431,0.3635568723377297,0,0.3483213102898741,1
1155,France,Group_A,Religion_C,single,self_employed,45,88023.17,816,15002.3,0.089,0.02,0,0.022822963339810085,1
1156,US,Group_D,Religion_A,single,self_employed,43,88585.31,698,1000.0,0.247,0.046409259885244664,0,0.06032503407961837,1
1157,US,Group_A,None/Not disclosed,divorced,unemployed,32,30346.54,752,31813.28,0.152,0.36265939647966977,0,0.3504386022949532,1
1158,US,Group_B,Religion_A,married,student,42,16940.15,631,11747.41,0.118,0.5361644245304549,1,0.5846609547579104,0
1159,Germany,Group_A,Religion_B,single,full_time,56,19583.76,696,15825.99,0.153,0.21162831921971614,0,0.32724822474654547,1
1160,India,Group_A,Religion_A,married,full_time,40,73953.97,761,16017.36,0.323,0.06554722226550244,0,0.06841910170347688,1
1161,US,Group_C,Religion_B,single,part_time,18,23128.21,738,10945.77,0.209,0.12258793503167124,0,0.13244965560005217,1
1162,Singapore,Group_A,Religion_A,single,full_time,40,74458.51,710,20162.16,0.417,0.1621719114692196,1,0.15495323831843313,1
1163,India,Group_A,None/Not disclosed,married,part_time,63,29839.61,645,17601.19,0.451,0.4768517022937735,0,0.5030572266242319,0
1164,US,Group_A,Religion_B,single,self_employed,23,64528.17,658,11551.18,0.383,0.21273729342838615,0,0.23469315569360155,1
1165,US,Group_A,Religion_C,single,student,38,10253.67,728,19343.72,0.284,0.46045808079273104,1,0.4710288775427667,1
1166,India,Group_C,Religion_A,married,full_time,35,35214.16,771,17702.58,0.313,0.11629031890708537,0,0.1415404364381792,1
1167,India,Group_C,Religion_A,single,self_employed,39,88979.68,626,26350.55,0.15,0.22134258916305577,0,0.27545597610913053,1
1168,France,Group_A,Religion_B,divorced,full_time,40,51528.35,614,5936.55,0.599,0.43026610128023035,1,0.4104442397723822,1
1169,India,Group_B,Religion_B,married,full_time,52,78009.05,602,10751.5,0.339,0.26488223108253695,0,0.2827549192655829,1
1170,US,Group_A,Religion_B,married,full_time,39,104058.26,732,24527.68,0.305,0.07506958112972555,0,0.06715937307561132,1
1171,UK,Group_B,None/Not disclosed,married,full_time,53,102960.5,600,12242.31,0.189,0.14946732151742936,0,0.16280852320212535,1
1172,Canada,Group_A,Religion_C,married,full_time,37,97632.2,731,9869.38,0.57,0.08262094736968369,0,0.06138847291708827,1
1173,US,Group_A,None/Not disclosed,single,self_employed,34,71890.21,711,12687.38,0.198,0.07799602435095813,0,0.10548714301295398,1
1174,Canada,Group_A,Religion_A,married,part_time,30,48882.65,629,17091.19,0.449,0.4326164110641593,0,0.38212710748345313,1
1175,Germany,Group_B,None/Not disclosed,married,full_time,18,115485.31,787,17125.39,0.359,0.027106712013179837,0,0.01921619280918117,1
1176,Canada,Group_B,Religion_C,divorced,full_time,41,86710.83,560,16110.37,0.356,0.4033735162986458,0,0.39013194737015,1
1177,Germany,Group_A,Religion_C,single,full_time,63,23526.59,794,8742.91,0.14,0.05156120697872907,0,0.09418766709627073,1
1178,UK,Group_C,None/Not disclosed,married,student,43,8325.25,683,24958.43,0.064,0.535160582791099,0,0.6033182528064717,0
1179,US,Group_B,Religion_C,married,student,46,18514.11,497,29935.98,0.514,0.92,1,0.9644410861845971,0
1180,US,Group_A,None/Not disclosed,single,full_time,33,60880.28,789,1000.0,0.683,0.07111774917775214,0,0.05690653740760525,1
1181,Canada,Group_C,Religion_C,married,full_time,35,110377.92,743,4018.13,0.228,0.020536791103122353,0,0.019163639125495045,1
1182,US,Group_C,Religion_A,single,full_time,50,70401.42,638,27025.71,0.171,0.27157059150846674,0,0.32297363914615335,1
1183,US,Group_A,Religion_C,single,self_employed,62,64687.72,598,32128.17,0.351,0.5640926253398089,0,0.6521134942867877,0
1184,US,Group_B,Religion_B,married,full_time,56,108705.52,552,1000.0,0.327,0.19140611614802386,0,0.188260526130677,1
1185,US,Group_A,None/Not disclosed,single,full_time,48,73008.2,850,25338.93,0.529,0.05763320230999579,0,0.05236360802367196,1
1186,India,Group_B,None/Not disclosed,single,full_time,38,82812.36,601,32740.92,0.119,0.3466763332958943,0,0.37880319228490894,1
1187,UK,Group_A,Religion_A,single,full_time,41,102546.07,575,10238.29,0.235,0.19605963663698092,1,0.19366319201083548,1
1188,China,Group_B,Religion_A,single,full_time,29,37807.01,690,32217.01,0.216,0.3357346159507997,1,0.38962431116588964,1
1189,US,Group_A,Religion_A,married,full_time,21,70211.36,547,16398.05,0.049,0.3402248820086792,1,0.38332769276110773,1
1190,Singapore,Group_B,Religion_B,divorced,part_time,24,50317.94,596,20831.73,0.084,0.3523569275289666,0,0.36991707508205784,1
1191,Germany,Group_D,Religion_A,married,full_time,39,73868.39,733,11526.9,0.166,0.05222674753218305,0,0.06264973554038289,1
1192,UK,Group_A,Religion_C,single,full_time,34,114745.22,705,27009.26,0.46,0.13056217665054454,0,0.09488829391727409,1
1193,India,Group_C,Religion_C,married,part_time,20,8000.0,641,25510.07,0.231,0.543974378012484,1,0.5762380573524954,0
1194,China,Group_D,None/Not disclosed,married,full_time,38,27053.92,643,33522.38,0.427,0.6548295319706076,1,0.6874580555288353,0
1195,India,Group_C,Religion_A,married,self_employed,34,75052.25,637,30965.47,0.3,0.36089208293743325,0,0.4044029453001706,1
1196,US,Group_A,Religion_B,single,student,24,23454.59,637,17917.65,0.509,0.7634542615332662,1,0.6987561421839881,0
1197,US,Group_C,Religion_A,single,full_time,34,64105.42,613,45975.41,0.02,0.47926087829621816,0,0.5494421295476423,0
1198,Singapore,Group_A,None/Not disclosed,divorced,unemployed,34,25083.04,610,30157.13,0.103,0.7393853069501312,0,0.745086305275778,0
1199,US,Group_A,Religion_A,married,self_employed,31,81953.46,624,22864.64,0.465,0.3756030397507989,0,0.37282445843060064,1
1200,Canada,Group_C,Religion_A,single,self_employed,49,40682.8,616,9025.61,0.271,0.3191375830927065,1,0.44320754754742686,1
1201,France,Group_B,Religion_A,married,full_time,18,58703.04,748,4229.71,0.369,0.0661915963732315,0,0.06380721192827266,1
1202,France,Group_B,None/Not disclosed,single,full_time,18,83179.52,728,4994.75,0.283,0.04656297807583282,0,0.042682907610206405,1
1203,India,Group_A,Religion_A,single,full_time,38,102681.63,600,9597.01,0.36,0.1911733684245441,0,0.16906649050374312,1
1204,Canada,Group_C,Religion_C,married,student,39,8000.0,562,30395.72,0.361,0.92,1,0.9253958280689121,0
1205,US,Group_B,Religion_C,married,part_time,43,33718.15,658,22383.8,0.343,0.4103652404712216,1,0.4216934320789033,1
1206,US,Group_A,None/Not disclosed,single,full_time,32,71332.34,832,12479.64,0.122,0.02,0,0.019861433689427055,1
1207,Singapore,Group_C,Religion_A,divorced,full_time,27,84233.96,593,16777.18,0.076,0.20023309076470536,0,0.2215043972755133,1
1208,Germany,Group_A,Religion_A,married,full_time,38,77762.53,658,15680.28,0.09,0.11263409595861165,0,0.13726094224861707,1
1209,US,Group_A,Religion_B,single,full_time,33,63097.38,677,25200.46,0.434,0.3155859200062863,0,0.30152617363483075,1
1210,UK,Group_B,Religion_A,married,part_time,57,56042.92,662,10090.82,0.451,0.24856400465267203,1,0.23770710538143214,1
1211,Canada,Group_D,Religion_C,married,full_time,34,54018.14,610,21147.18,0.51,0.5481742415287819,1,0.5287940613097971,0
1212,India,Group_A,Religion_B,married,self_employed,37,58354.81,757,20700.77,0.205,0.08310775563750504,0,0.11962223636546324,1
1213,France,Group_A,Religion_B,widowed,part_time,68,17276.06,704,10360.19,0.423,0.2753670072603309,0,0.3270148419179606,1
1214,UK,Group_A,Religion_A,married,part_time,36,29259.01,733,32292.05,0.722,0.543211948136102,0,0.45765316026257047,1
1215,US,Group_C,Religion_C,single,self_employed,45,69658.87,714,15339.86,0.589,0.1965550761088121,0,0.2040118394552801,1
1216,France,Group_A,Religion_A,single,full_time,46,86752.43,737,9065.25,0.15,0.03463613838338337,1,0.04157792629731804,1
1217,US,Group_B,Religion_C,married,self_employed,47,76637.7,789,25675.92,0.177,0.04939439989362597,0,0.0714004674190277,1
1218,France,Group_D,Religion_A,widowed,self_employed,41,68868.61,741,18490.46,0.192,0.07386613762060051,1,0.1054358194731351,1
1219,Singapore,Group_A,None/Not disclosed,single,full_time,40,134994.59,844,21675.85,0.097,0.02,0,0.005983147444620578,1
1220,US,Group_B,Religion_C,single,full_time,39,54754.1,761,7337.88,0.243,0.0524425541566795,0,0.06519964389492985,1
1221,US,Group_B,Religion_A,married,full_time,31,33789.73,620,25311.75,0.196,0.4678478297022212,1,0.5415948005877269,0
1222,US,Group_C,Religion_A,single,full_time,42,43125.12,734,37551.86,0.174,0.2374305439603596,0,0.30047667621469965,1
1223,China,Group_A,Religion_B,single,full_time,62,58790.3,723,6634.5,0.785,0.22414492751541398,0,0.19977773228014475,1
1224,Singapore,Group_A,Religion_A,divorced,full_time,53,51400.87,814,21187.88,0.235,0.053872302967071045,0,0.07309277449609604,1
1225,US,Group_A,Religion_A,married,part_time,42,40278.47,597,10932.21,0.689,0.6379637202943238,0,0.5663007813195937,0
1226,China,Group_B,None/Not disclosed,divorced,full_time,48,112197.48,712,42206.45,0.257,0.14963529058594263,0,0.13830947530893306,1
1227,Germany,Group_C,Religion_C,married,full_time,28,107967.29,619,29156.69,0.309,0.2674184178143639,0,0.22490725977647416,1
1228,Germany,Group_A,Religion_A,single,full_time,35,91767.62,708,20538.97,0.338,0.10886731268943797,0,0.09903928986652503,1
1229,China,Group_A,Religion_C,divorced,full_time,49,134769.75,654,6949.19,0.249,0.04506480347761214,0,0.03950567605438837,1
1230,US,Group_C,Religion_A,single,student,56,8641.02,667,9125.5,0.157,0.45956577512991487,0,0.5350011011134921,0
1231,US,Group_A,None/Not disclosed,single,full_time,29,33432.23,564,24716.47,0.145,0.5987984176778587,1,0.6750040962235955,0
1232,France,Group_A,Religion_A,divorced,full_time,32,106751.76,729,5737.57,0.133,0.02226677869276804,0,0.022572205577731423,1
1233,US,Group_B,Religion_C,married,full_time,64,25598.89,685,6019.98,0.601,0.34130571474300997,1,0.3908980085581849,1
1234,Singapore,Group_A,None/Not disclosed,divorced,full_time,39,57388.42,681,18079.48,0.144,0.14984529291085827,0,0.19015896972631294,1
1235,US,Group_A,Religion_A,single,part_time,60,46099.53,816,19200.75,0.58,0.11347188023517137,0,0.10229928934155194,1
1236,US,Group_A,Religion_A,divorced,self_employed,40,62670.82,641,21420.28,0.483,0.4044488122366041,0,0.4374998869831248,1
1237,US,Group_A,Religion_B,married,full_time,41,72786.99,696,14044.27,0.33,0.12695286505847594,0,0.13290594690839727,1
1238,Germany,Group_B,None/Not disclosed,married,part_time,34,22882.22,678,26281.32,0.128,0.321252763778649,0,0.37561998279386893,1
1239,US,Group_B,Religion_B,divorced,full_time,49,77705.09,685,10243.67,0.172,0.08054785857375034,0,0.09952524979581676,1
1240,US,Group_B,Religion_C,single,unemployed,54,27931.91,809,23639.8,0.214,0.19413172423863592,0,0.20408666536119008,1
1241,India,Group_A,None/Not disclosed,married,part_time,26,39272.56,675,19927.09,0.399,0.3446619720858137,0,0.3135890967634906,1
1242,UK,Group_C,None/Not disclosed,married,full_time,34,47039.4,627,23405.84,0.381,0.4767551680151344,1,0.49575575887893547,1
1243,UK,Group_A,Religion_B,married,self_employed,49,36618.5,810,28637.98,0.032,0.0627598563695549,0,0.12394211028835989,1
1244,US,Group_C,Religion_B,divorced,self_employed,36,40544.83,647,13902.01,0.192,0.2502242792717588,0,0.3576656975665343,1
1245,UK,Group_A,Religion_C,married,full_time,32,85765.89,550,12050.3,0.188,0.30146686190597716,0,0.31304716952740264,1
1246,US,Group_C,Religion_A,single,student,50,11611.18,593,2804.46,0.192,0.6158568924453689,1,0.6669996666243616,0
1247,Singapore,Group_A,None/Not disclosed,single,unemployed,51,15836.1,551,1000.0,0.489,0.8222330137652668,1,0.8038501189966037,0
1248,US,Group_A,Religion_A,divorced,full_time,33,17646.27,535,16416.23,0.239,0.7077947098283988,0,0.7774234446964403,0
1249,China,Group_A,Religion_A,divorced,self_employed,41,74555.29,643,17032.29,0.083,0.14401416442232431,0,0.21045059551521353,1
1250,China,Group_A,None/Not disclosed,divorced,part_time,23,26746.29,665,8225.25,0.422,0.31680433148393056,0,0.29660131461734274,1
1251,US,Group_A,Religion_B,single,full_time,27,96811.41,759,10160.1,0.264,0.030774798095854313,0,0.02807313189546648,1
1252,US,Group_B,Religion_A,single,full_time,39,57358.21,717,31711.08,0.538,0.3524586870035262,1,0.32930339300395206,1
1253,US,Group_C,Religion_A,married,unemployed,38,8174.97,686,25882.56,0.332,0.688339074977345,0,0.6759972666321545,0
1254,Singapore,Group_A,Religion_B,married,part_time,26,41090.8,603,6645.54,0.271,0.3282336024313081,0,0.3258749755374372,1
1255,US,Group_C,None/Not disclosed,single,full_time,29,134847.6,736,14018.87,0.141,0.02,0,0.015421046396791828,1
1256,India,Group_C,Religion_A,married,full_time,25,92532.24,774,21654.02,0.496,0.07736141715483487,0,0.05732747068309222,1
1257,Canada,Group_C,Religion_A,single,full_time,43,74818.76,700,12361.94,0.357,0.11674206103682067,0,0.1201825160146176,1
1258,India,Group_B,Religion_B,married,unemployed,18,24763.16,685,10721.74,0.217,0.38877637588461683,0,0.35580833118492877,1
1259,France,Group_B,None/Not disclosed,single,self_employed,26,25162.11,575,14955.79,0.306,0.5901275218844493,1,0.6859360890744568,0
1260,China,Group_B,Religion_A,single,full_time,18,47360.11,749,27815.95,0.03,0.09914470144706591,0,0.1287912985160187,1
1261,US,Group_B,None/Not disclosed,single,unemployed,43,8000.0,785,28632.61,0.217,0.3670873589001749,1,0.38670034212574406,1
1262,UK,Group_D,None/Not disclosed,divorced,self_employed,18,97221.7,674,11380.98,0.392,0.11154593178983988,0,0.10323061816620568,1
1263,UK,Group_A,Religion_A,married,full_time,38,119697.64,625,22144.96,0.303,0.16508983940413668,0,0.13836461339901063,1
1264,China,Group_A,None/Not disclosed,divorced,full_time,58,88723.95,658,17942.29,0.299,0.16002688540387577,0,0.17383285396610806,1
1265,France,Group_A,Religion_C,married,part_time,58,38142.51,638,8925.88,0.342,0.30786906312403817,1,0.33960370469775086,1
1266,India,Group_D,Religion_B,single,full_time,18,31469.67,619,15326.33,0.412,0.4985077019310616,0,0.5083379976441189,0
1267,US,Group_A,Religion_B,single,full_time,42,72013.11,719,6621.89,0.332,0.07450579726987572,0,0.07989763704799178,1
1268,China,Group_B,None/Not disclosed,married,part_time,26,63466.15,691,28467.5,0.314,0.25166475529098975,1,0.21517305622810398,1
1269,Germany,Group_C,None/Not disclosed,single,unemployed,24,13506.49,715,31972.25,0.252,0.6059774015315745,1,0.5790775800949503,0
1270,Germany,Group_D,None/Not disclosed,married,full_time,37,54999.21,665,14304.84,0.185,0.17189331357082938,0,0.21114072611742304,1
1271,China,Group_A,None/Not disclosed,married,unemployed,53,8462.86,583,12158.29,0.504,0.8603730162442845,1,0.8477566702751678,0
1272,UK,Group_C,Religion_B,divorced,unemployed,45,30101.64,604,27491.35,0.219,0.7654654610604873,1,0.7602660405793519,0
1273,UK,Group_C,None/Not disclosed,single,full_time,29,71671.77,628,28945.34,0.15,0.2986883678666749,0,0.3240821420065956,1
1274,France,Group_A,None/Not disclosed,married,full_time,46,30041.17,656,7970.3,0.178,0.21133825520317587,1,0.29854390430199124,1
1275,US,Group_C,Religion_A,single,self_employed,18,29670.47,805,16667.6,0.146,0.0582154110454324,0,0.09226556104157799,1
1276,UK,Group_A,Religion_A,single,self_employed,29,35936.01,817,17469.55,0.283,0.06443350687051988,0,0.09378596838698845,1
1277,US,Group_B,Religion_B,married,full_time,28,74403.4,733,11063.01,0.136,0.047379554725227396,0,0.05448483406945705,1
1278,US,Group_B,None/Not disclosed,married,part_time,39,41830.18,679,21473.84,0.246,0.26226670236600746,1,0.2761497425266884,1
1279,India,Group_A,Religion_A,married,part_time,36,32131.09,568,11700.49,0.538,0.6755427005679367,1,0.6400922405516694,0
1280,France,Group_A,Religion_C,single,self_employed,36,78546.85,687,13137.65,0.327,0.12219041927599408,0,0.14379754463814298,1
1281,UK,Group_A,Religion_A,widowed,self_employed,36,66792.75,611,17087.92,0.265,0.3059094891474404,0,0.3723928466467724,1
1282,UK,Group_A,Religion_B,widowed,full_time,38,107001.13,792,4598.44,0.071,0.02,0,0.009677977493750213,1
1283,Germany,Group_B,Religion_C,married,full_time,44,67122.13,550,1000.0,0.3,0.3244932664953205,1,0.3574564624477458,1
1284,Singapore,Group_A,Religion_A,married,full_time,40,161137.39,699,26264.45,0.02,0.023009432205246805,0,0.01977602646462765,1
1285,China,Group_A,None/Not disclosed,single,student,35,14443.72,586,11337.09,0.422,0.8086066876318712,1,0.7893000226531252,0
1286,China,Group_B,Religion_A,married,unemployed,43,15044.36,642,37213.78,0.054,0.7387383918571226,1,0.7713163468262799,0
1287,UK,Group_B,None/Not disclosed,divorced,self_employed,48,41651.66,720,35746.54,0.058,0.2088393778213897,0,0.3411465977330368,1
1288,UK,Group_B,Religion_A,married,full_time,31,72241.32,747,13441.69,0.321,0.07049779740280633,0,0.0706371479712483,1
1289,Germany,Group_D,None/Not disclosed,married,part_time,37,10869.79,650,39051.48,0.265,0.6698839833654253,1,0.7066034146458854,0
1290,France,Group_A,Religion_C,married,full_time,52,82884.52,727,26438.17,0.443,0.16070340271506775,0,0.1534059649374002,1
1291,Germany,Group_C,Religion_A,married,full_time,25,22795.75,620,12192.18,0.433,0.511878914286777,0,0.5410449239760502,0
1292,Singapore,Group_A,Religion_A,married,full_time,60,82413.62,688,1000.0,0.152,0.04654621966289892,0,0.0626697682939464,1
1293,France,Group_B,Religion_A,single,self_employed,22,34259.02,745,24193.4,0.258,0.1767156997069618,0,0.23861982185921676,1
1294,UK,Group_D,Religion_C,single,full_time,34,60117.03,647,18281.66,0.223,0.23537026503266192,0,0.2661811416193635,1
1295,UK,Group_C,None/Not disclosed,married,part_time,27,39930.03,630,21882.25,0.521,0.5661992473576363,1,0.5023151968156405,0
1296,UK,Group_B,Religion_B,married,student,64,32515.44,622,15940.47,0.324,0.6582810225105102,1,0.6712059443053466,0
1297,US,Group_B,Religion_B,married,self_employed,32,40475.49,746,7705.29,0.211,0.07464590729191482,0,0.11574334022504408,1
1298,US,Group_A,Religion_C,divorced,full_time,32,69719.43,588,14156.76,0.233,0.3090219943565638,0,0.3297771367092798,1
1299,Canada,Group_B,Religion_B,married,unemployed,34,16427.06,592,24359.74,0.037,0.7301337400207177,1,0.7580542448476753,0
1300,UK,Group_C,Religion_C,single,part_time,39,17108.32,715,14810.62,0.557,0.36015951789586614,0,0.343089409091146,1
1301,US,Group_D,Religion_B,single,full_time,34,52270.18,608,14756.24,0.629,0.5613807279884149,1,0.5195783119980862,0
1302,France,Group_A,Religion_C,married,part_time,36,46525.66,561,4325.52,0.611,0.599068778839106,0,0.5280746636580634,0
1303,Canada,Group_A,None/Not disclosed,married,unemployed,18,18241.97,738,18820.8,0.108,0.29562493035674475,0,0.2921155927903345,1
1304,US,Group_B,Religion_B,married,full_time,39,139406.24,588,7992.61,0.378,0.12042148486315765,0,0.08778879240708286,1
1305,India,Group_A,Religion_A,married,full_time,38,89356.23,655,26266.74,0.416,0.273287051938985,0,0.24294146325970228,1
1306,China,Group_A,Religion_A,married,full_time,50,50426.71,624,11393.09,0.427,0.366284043119538,0,0.3995556591661552,1
1307,France,Group_A,Religion_C,married,full_time,54,64992.96,648,15338.66,0.19,0.18397673142538107,0,0.23419544077021898,1
1308,Singapore,Group_B,Religion_B,married,self_employed,36,46757.98,604,37475.85,0.297,0.6501206567602749,1,0.7224474462721677,0
1309,US,Group_A,None/Not disclosed,single,full_time,48,99841.87,724,15240.83,0.268,0.054882417633618015,0,0.05550287431526285,1
1310,China,Group_A,Religion_C,married,full_time,25,29800.45,678,14034.83,0.408,0.3204638947666681,0,0.343204064636104,1
1311,UK,Group_A,Religion_B,married,full_time,47,41392.03,744,23270.6,0.438,0.22016938738989483,0,0.2457541816255242,1
1312,China,Group_C,None/Not disclosed,single,full_time,31,56452.24,624,1932.64,0.17,0.15457350031093928,0,0.1888236846021066,1
1313,France,Group_B,Religion_A,married,full_time,24,96644.45,830,29257.28,0.122,0.02230858525521538,0,0.02205518221011414,1
1314,US,Group_A,None/Not disclosed,married,part_time,36,55831.27,527,26945.46,0.369,0.7463393122480089,1,0.7159606496302605,0
1315,US,Group_A,Religion_A,married,full_time,55,115688.8,551,22720.07,0.033,0.2170747858614154,0,0.24762011859738697,1
1316,Canada,Group_B,Religion_C,married,full_time,40,89901.07,801,1000.0,0.475,0.023311538865140747,0,0.02009546077904015,1
1317,France,Group_A,None/Not disclosed,single,unemployed,56,21361.75,679,15665.29,0.414,0.5929143987737568,1,0.5764085868183813,0
1318,US,Group_B,None/Not disclosed,single,student,29,23006.14,671,6544.2,0.522,0.5722846198370781,1,0.5013884894857727,0
1319,Canada,Group_A,None/Not disclosed,single,full_time,51,46755.13,702,28116.96,0.255,0.25382234161240436,0,0.31490999714532025,1
1320,India,Group_D,Religion_B,single,full_time,30,19315.15,696,27473.05,0.246,0.36285696599575945,0,0.43924823504737925,1
1321,Germany,Group_A,None/Not disclosed,married,full_time,41,89920.21,692,21492.09,0.237,0.11139011454617505,0,0.11491434704221441,1
1322,Germany,Group_B,Religion_C,married,full_time,41,49777.81,598,7172.0,0.275,0.31447926987641295,0,0.3668890937702792,1
1323,US,Group_A,Religion_C,married,full_time,46,73144.66,731,31448.65,0.18,0.12659408464094915,1,0.14962771925586835,1
1324,India,Group_D,Religion_A,single,student,41,11322.25,672,15639.65,0.234,0.551710382987933,1,0.5780157159530044,0
1325,UK,Group_D,Religion_A,single,self_employed,29,64351.94,745,34248.34,0.515,0.2667529725913667,1,0.26813328305723305,1
1326,India,Group_B,Religion_C,single,full_time,49,102619.05,802,20388.48,0.598,0.056868652131913514,0,0.04236636754873126,1
1327,UK,Group_A,Religion_A,married,student,59,23242.07,672,22561.27,0.112,0.5029249391344603,1,0.5681866054568445,0
1328,France,Group_A,Religion_C,single,full_time,31,79970.9,578,13857.26,0.102,0.23199160115340842,0,0.2611076927636474,1
1329,US,Group_C,None/Not disclosed,married,full_time,18,65682.61,803,30662.6,0.682,0.18367120485878985,1,0.12961305124781827,1
1330,US,Group_B,None/Not disclosed,married,full_time,44,80941.91,594,23475.9,0.201,0.3238490407516102,1,0.3524439190669317,1
1331,India,Group_A,Religion_A,married,full_time,34,61723.46,695,30986.03,0.053,0.16528060757442448,0,0.20987129280002131,1
1332,Germany,Group_A,None/Not disclosed,single,unemployed,36,20487.5,633,19597.87,0.364,0.7312019140661445,1,0.6993901658497508,0
1333,France,Group_A,Religion_A,single,full_time,45,149476.13,638,17576.65,0.198,0.05894365155977626,0,0.048151653573927776,1
1334,China,Group_C,Religion_B,married,part_time,33,38326.32,727,23356.17,0.096,0.1391406179566803,0,0.16332495144073,1
1335,China,Group_B,None/Not disclosed,married,full_time,35,90291.69,688,30982.86,0.284,0.18310935107764112,0,0.17331041826395227,1
1336,India,Group_B,Religion_A,single,unemployed,37,16567.8,691,27150.61,0.223,0.5930907053303337,1,0.591081623963992,0
1337,US,Group_B,Religion_A,divorced,part_time,56,52924.0,609,19244.01,0.307,0.41390351138210413,0,0.43013600339349295,1
1338,France,Group_A,Religion_A,married,full_time,38,98755.44,657,1285.03,0.115,0.046629439645351024,0,0.05210969367577778,1
1339,India,Group_A,Religion_B,married,full_time,23,98948.72,612,25293.47,0.536,0.40360396792011455,0,0.3078978408198844,1
1340,UK,Group_A,None/Not disclosed,single,unemployed,24,23654.66,638,5051.66,0.387,0.5706101109489455,1,0.5094027118275025,0
1341,US,Group_C,Religion_A,single,full_time,40,99707.14,661,18315.05,0.266,0.124101409504754,0,0.1191769463178562,1
1342,India,Group_A,Religion_A,single,full_time,24,112717.01,808,16958.1,0.324,0.0203484604715713,0,0.01569541118258015,1
1343,Germany,Group_A,Religion_C,single,unemployed,19,22264.83,623,5240.08,0.296,0.5694081082255308,1,0.5228085687544376,0
1344,France,Group_A,Religion_A,married,full_time,46,74871.08,511,21352.53,0.323,0.637928478758447,0,0.6514972451146486,0
1345,China,Group_A,Religion_C,married,full_time,46,98423.72,775,37388.86,0.242,0.07597545833778607,0,0.07552036822394127,1
1346,Singapore,Group_B,None/Not disclosed,divorced,full_time,34,53317.38,704,15186.55,0.338,0.1675462698335009,0,0.1821213127786475,1
1347,Germany,Group_A,None/Not disclosed,divorced,full_time,42,58399.68,660,24892.92,0.343,0.3278747921757051,0,0.3508148579358851,1
1348,UK,Group_A,None/Not disclosed,single,full_time,40,76544.9,637,39201.21,0.073,0.3159269379382685,0,0.3648944996758104,1
1349,UK,Group_C,Religion_B,single,full_time,45,20330.56,599,25763.52,0.312,0.6602050946104532,1,0.733509472531597,0
1350,US,Group_A,None/Not disclosed,married,full_time,45,100593.35,815,12196.41,0.35,0.02,0,0.01851714800474082,1
1351,India,Group_A,Religion_A,widowed,full_time,18,51712.45,674,20133.13,0.267,0.23829802936750666,0,0.24958568887846236,1
1352,India,Group_A,Religion_A,married,full_time,35,65128.3,540,22327.02,0.212,0.5426973816339316,1,0.5777252865104864,0
1353,US,Group_C,Religion_C,single,student,44,8589.09,663,30904.32,0.463,0.832198712134814,1,0.8177566097334212,0
1354,US,Group_A,Religion_A,single,part_time,33,39536.27,760,28926.45,0.031,0.1047466090634791,0,0.128867351324746,1
1355,India,Group_C,None/Not disclosed,single,full_time,38,63235.26,682,1000.0,0.248,0.085330200736819,0,0.10072145719220967,1
1356,US,Group_D,Religion_C,married,full_time,47,66917.91,579,10294.16,0.429,0.4134587661937911,0,0.4212157394872634,1
1357,France,Group_B,None/Not disclosed,married,self_employed,39,63643.47,596,17369.76,0.306,0.3842510397671309,0,0.4557770070739814,1
1358,Germany,Group_A,Religion_B,married,full_time,56,65796.05,601,8862.42,0.074,0.18095064945046932,0,0.2537514365258843,1
1359,Canada,Group_B,Religion_B,married,full_time,52,56891.79,784,1000.0,0.217,0.027753370339520488,0,0.038609868739514594,1
1360,US,Group_A,Religion_C,single,part_time,37,48893.55,665,11469.43,0.207,0.17694857207267267,0,0.18792937526162892,1
1361,Singapore,Group_A,Religion_A,married,full_time,36,20549.72,544,17967.5,0.311,0.7245296209796653,1,0.7803561737606037,0
1362,UK,Group_B,Religion_B,single,self_employed,18,60319.98,699,13272.44,0.166,0.10265193365270525,0,0.13578940829479622,1
1363,Singapore,Group_A,Religion_C,married,unemployed,34,15456.34,661,9027.51,0.247,0.49970595753389757,0,0.49633745405885177,1
1364,US,Group_A,None/Not disclosed,married,self_employed,22,74527.51,636,18373.18,0.258,0.2283763368094078,0,0.25977900227490286,1
1365,Germany,Group_A,Religion_C,married,full_time,41,37000.45,593,21087.79,0.214,0.4976356301234453,1,0.5802545663062347,0
1366,France,Group_A,Religion_A,single,full_time,40,64355.86,590,13782.63,0.237,0.3231381760912723,0,0.36210848022933384,1
1367,US,Group_A,Religion_B,married,full_time,46,75205.58,751,30345.69,0.037,0.0690519477914217,0,0.09261392474188913,1
1368,US,Group_B,Religion_C,married,self_employed,55,87695.57,689,18519.43,0.035,0.06791634069508756,0,0.10976992187172933,1
1369,US,Group_D,Religion_A,single,unemployed,38,18433.25,653,10156.38,0.169,0.4762275869306565,1,0.49301253295129344,1
1370,UK,Group_A,Religion_B,single,student,65,10544.02,669,7879.16,0.277,0.502892427734752,1,0.5628970373334479,0
1371,US,Group_B,Religion_A,married,full_time,41,64691.89,695,16083.27,0.676,0.29978815075087223,0,0.2536777679173387,1
1372,China,Group_A,Religion_A,single,unemployed,22,28822.6,607,28020.79,0.368,0.8251055617692636,1,0.7754817648374172,0
1373,UK,Group_A,Religion_B,single,full_time,31,45218.85,655,10586.8,0.423,0.2947690228606224,0,0.3055024594729599,1
1374,India,Group_A,Religion_A,single,self_employed,34,63210.84,757,23362.92,0.09,0.06633105611823671,0,0.1013391710133639,1
1375,China,Group_A,Religion_C,single,full_time,45,74168.63,776,18851.01,0.279,0.056298612989905,0,0.0626779420931813,1
1376,US,Group_A,Religion_A,married,full_time,27,67468.12,578,35939.1,0.269,0.6040653798813358,1,0.6045361268479914,0
1377,Singapore,Group_A,Religion_C,married,full_time,34,147688.46,654,21512.26,0.215,0.062249081979705655,0,0.04695835014139474,1
1378,India,Group_A,Religion_A,single,student,36,15399.79,718,11715.96,0.171,0.3217855905883444,0,0.3486662459306752,1
1379,Singapore,Group_B,None/Not disclosed,married,full_time,33,90278.59,811,24627.33,0.292,0.03776104602136032,0,0.03528521562007434,1
1380,Germany,Group_A,Religion_A,single,full_time,48,57079.98,804,24930.2,0.429,0.09850202944372087,0,0.10535128704286238,1
1381,Germany,Group_A,Religion_B,single,full_time,46,92407.52,610,14426.9,0.094,0.14203072760630792,0,0.16773271873066112,1
1382,US,Group_A,Religion_B,single,full_time,52,101772.5,766,7524.04,0.49,0.0391911999231485,0,0.03347456113998751,1
1383,France,Group_B,Religion_A,married,student,34,14295.83,660,22824.32,0.326,0.6989219325291679,0,0.6875363833562806,0
1384,China,Group_A,Religion_B,divorced,full_time,52,76506.64,748,18571.64,0.2,0.06137602153253212,1,0.07536153455590197,1
1385,China,Group_B,None/Not disclosed,married,full_time,22,53558.86,729,4351.05,0.128,0.052199939870144436,0,0.06529854867059579,1
1386,US,Group_A,None/Not disclosed,single,self_employed,21,38964.81,575,20290.69,0.333,0.6037020537827619,1,0.6675509218579476,0
1387,Canada,Group_A,Religion_B,single,full_time,23,106304.52,711,12267.06,0.092,0.033482915224625924,0,0.03294854267411547,1
1388,US,Group_D,Religion_A,single,full_time,38,59075.5,730,4359.58,0.312,0.0712015019696413,0,0.08113747386535458,1
1389,China,Group_A,Religion_C,married,full_time,52,10022.98,668,14830.95,0.363,0.4139109491312571,0,0.5189602107408402,0
1390,US,Group_A,Religion_C,single,full_time,31,123848.89,652,29546.27,0.022,0.08620344083154069,0,0.08420321043469962,1
1391,China,Group_A,Religion_A,divorced,full_time,32,56102.8,552,28872.55,0.321,0.6782659838096411,1,0.6907344035224284,0
1392,India,Group_D,None/Not disclosed,married,full_time,35,66935.58,696,26520.77,0.055,0.12770488447191786,0,0.1621081623440174,1
1393,US,Group_B,Religion_B,married,full_time,45,122796.75,686,20423.1,0.02,0.040492552848075215,1,0.04417753486092153,1
1394,US,Group_B,Religion_C,married,self_employed,32,61225.26,601,23362.17,0.222,0.39652703252458893,1,0.47733299346102975,1
1395,India,Group_D,Religion_B,single,unemployed,32,15476.38,610,18887.8,0.291,0.761292039569022,1,0.7450144374720992,0
1396,US,Group_A,Religion_B,married,unemployed,22,12543.07,649,8054.54,0.251,0.5401829138612227,1,0.5205386529616782,0
1397,France,Group_D,Religion_A,single,full_time,31,30284.33,618,9850.48,0.337,0.40154148849916604,1,0.45290065591573964,1
1398,China,Group_A,None/Not disclosed,married,full_time,52,73457.65,670,12535.37,0.488,0.21132683989940917,0,0.20719419418691123,1
1399,France,Group_B,Religion_A,married,student,39,20285.7,523,30612.23,0.493,0.92,1,0.9478963861116542,0
1400,UK,Group_A,None/Not disclosed,single,self_employed,29,71950.7,771,27690.22,0.189,0.07327395962777399,0,0.09502447338416505,1
1401,Germany,Group_A,None/Not disclosed,married,full_time,53,64861.57,671,8281.1,0.171,0.10655164261612969,0,0.14232983718624195,1
1402,US,Group_D,Religion_C,single,full_time,31,70085.07,572,18480.52,0.177,0.36375390881826447,0,0.39453683144326973,1
1403,China,Group_A,Religion_A,single,full_time,55,27844.17,486,14376.54,0.123,0.7148279577396716,0,0.8151786447563638,0
1404,US,Group_D,Religion_A,married,full_time,55,88396.0,723,16604.1,0.267,0.07115088804516885,0,0.0792605476734958,1
1405,US,Group_A,Religion_B,married,full_time,39,82406.38,712,13175.61,0.517,0.13197449770918013,0,0.11233533927021494,1
1406,US,Group_B,Religion_C,divorced,full_time,20,131188.01,686,30651.22,0.487,0.14991354688741754,0,0.09065214292599576,1
1407,China,Group_D,None/Not disclosed,married,student,65,12857.12,701,17829.84,0.217,0.47245657158250703,1,0.5395449727149787,0
1408,US,Group_A,Religion_B,married,part_time,43,26132.56,735,19945.41,0.14,0.14844587736271506,0,0.18804081186177538,1
1409,India,Group_D,None/Not disclosed,single,part_time,34,34279.58,673,20018.32,0.222,0.279003885495925,0,0.30012009553364394,1
1410,Canada,Group_B,Religion_A,single,full_time,49,69051.07,651,8750.07,0.304,0.1649889977137717,0,0.18766060442072405,1
1411,India,Group_B,Religion_B,divorced,self_employed,46,74889.6,639,18976.98,0.324,0.2545579854226516,0,0.30749061001868755,1
1412,China,Group_A,Religion_A,single,self_employed,54,65611.79,702,27560.85,0.295,0.20639828869238028,0,0.27524538137225435,1
1413,India,Group_B,Religion_C,married,full_time,30,39894.61,775,31254.22,0.248,0.1536230335114379,1,0.18216392907321546,1
1414,China,Group_B,Religion_A,single,part_time,42,16672.1,662,7669.67,0.274,0.2826483441561571,1,0.3295673905998555,1
1415,US,Group_A,Religion_A,single,part_time,24,42588.7,781,4332.59,0.648,0.11121105082748815,0,0.07948032799673524,1
1416,India,Group_A,None/Not disclosed,married,self_employed,46,96465.86,698,18559.21,0.661,0.20087717110374306,1,0.17603204697140945,1
1417,France,Group_A,Religion_B,married,full_time,38,80166.2,699,27982.69,0.227,0.15226178761097553,0,0.16088860181918943,1
1418,France,Group_C,Religion_A,married,unemployed,41,23446.83,837,21236.37,0.22,0.1452433384530684,1,0.14541283402154676,1
1419,China,Group_A,Religion_A,married,full_time,36,105649.69,794,24122.66,0.196,0.02755110929465086,0,0.026431307141885487,1
1420,China,Group_B,Religion_B,single,full_time,35,85283.42,796,5757.76,0.558,0.0399712663563755,0,0.03152919062732464,1
1421,Canada,Group_D,Religion_B,married,full_time,28,44818.35,584,12852.11,0.432,0.5275756527180708,1,0.5320485706848519,0
1422,Germany,Group_A,Religion_A,single,full_time,47,83331.91,834,1000.0,0.09,0.02,0,0.00949321524314643,1
1423,Germany,Group_A,Religion_C,married,full_time,56,110259.75,664,16717.61,0.405,0.12804198576642878,0,0.11479484787310361,1
1424,UK,Group_B,Religion_A,single,full_time,31,92466.01,653,1000.0,0.509,0.12743973023343605,0,0.10098136292387801,1
1425,UK,Group_A,Religion_C,married,self_employed,45,81205.66,508,29993.96,0.485,0.7800617606231377,1,0.7879785856601909,0
1426,UK,Group_B,Religion_B,single,full_time,43,65372.49,694,31993.39,0.137,0.19369110432434533,0,0.23626728986136264,1
1427,US,Group_B,Religion_A,married,student,38,16725.17,566,19265.79,0.334,0.8563755979907351,1,0.8506542506537722,0
1428,US,Group_B,Religion_A,married,full_time,20,74758.74,701,4386.84,0.19,0.057635713187365954,0,0.06059394176216955,1
1429,India,Group_A,Religion_A,divorced,part_time,22,38299.24,583,21381.41,0.201,0.5172873890186734,1,0.5213042268668248,0
1430,Germany,Group_B,Religion_A,single,student,29,25358.14,767,34732.19,0.184,0.39033650190218877,1,0.38353510027841714,1
1431,China,Group_B,Religion_B,widowed,self_employed,18,11601.8,711,22281.62,0.056,0.21521715623071094,0,0.3472796107410535,1
1432,Singapore,Group_A,None/Not disclosed,single,part_time,55,39416.85,841,28664.86,0.281,0.07397427619247775,1,0.0849110846423714,1
1433,US,Group_B,None/Not disclosed,single,self_employed,42,63191.46,593,13633.51,0.266,0.33369095149521305,1,0.41786213033881103,1
1434,US,Group_C,Religion_B,single,full_time,38,34172.26,786,10159.11,0.289,0.07002269818009556,0,0.09118550206538859,1
1435,US,Group_B,Religion_C,single,full_time,18,92375.6,535,17362.24,0.386,0.4837407347851366,1,0.41779035762523736,1
1436,China,Group_A,Religion_C,married,full_time,18,54630.5,686,1000.0,0.483,0.15431525865223866,1,0.1391684445671794,1
1437,US,Group_A,None/Not disclosed,single,full_time,38,68253.01,623,38376.8,0.049,0.3658648312432131,1,0.43106373338459153,1
1438,Germany,Group_A,Religion_A,single,full_time,62,128471.75,636,19256.85,0.113,0.07608750888343567,0,0.08226945336113482,1
1439,China,Group_A,Religion_A,married,full_time,30,105572.28,631,25800.96,0.14,0.15905745647274516,1,0.15382616664584542,1
1440,China,Group_A,Religion_B,married,unemployed,48,26423.55,576,13846.42,0.534,0.8490366164582902,1,0.8125463701138939,0
1441,US,Group_D,Religion_A,married,unemployed,32,19110.45,511,4112.22,0.396,0.86639599095998,1,0.843758557906143,0
1442,US,Group_A,Religion_B,married,self_employed,39,61253.53,637,30832.33,0.308,0.42313702675964404,0,0.49324617676898036,1
1443,US,Group_C,None/Not disclosed,single,self_employed,53,106878.71,679,7883.1,0.267,0.05917392632246878,0,0.07223552656476247,1
1444,US,Group_A,None/Not disclosed,married,full_time,34,99899.18,757,21139.55,0.051,0.029354784006138415,1,0.03277162672281288,1
1445,US,Group_A,Religion_A,single,full_time,30,57537.29,692,21987.76,0.385,0.24671273229928659,0,0.2459894147272777,1
1446,France,Group_A,Religion_B,single,part_time,55,19888.6,757,18665.56,0.266,0.160616979665409,0,0.20223032995823162,1
1447,China,Group_A,Religion_B,single,part_time,39,46737.34,559,10938.74,0.1,0.37589029734867213,0,0.42237064980991457,1
1448,France,Group_C,Religion_B,married,full_time,51,71565.89,638,16653.31,0.194,0.19478905700309937,1,0.2359026258244732,1
1449,Singapore,Group_D,Religion_C,single,full_time,30,32275.51,687,9449.54,0.1,0.13590461531029902,0,0.19281814836320108,1
1450,US,Group_C,Religion_A,married,full_time,55,85013.23,696,25282.6,0.375,0.17733315180479237,0,0.17985807104572116,1
1451,India,Group_A,None/Not disclosed,single,full_time,41,70655.56,605,23143.92,0.211,0.3376188207196832,1,0.3729989665214354,1
1452,Singapore,Group_C,None/Not disclosed,married,full_time,43,86763.5,740,17807.38,0.315,0.07080355919175137,0,0.0708650560852213,1
1453,India,Group_A,Religion_C,married,full_time,40,86900.68,630,12884.84,0.422,0.22765598047408636,1,0.207996948436695,1
1454,China,Group_D,Religion_C,single,part_time,32,23423.82,604,36965.86,0.124,0.6459845292262247,0,0.6913938466574817,0
1455,UK,Group_B,Religion_B,single,student,38,21986.92,686,6281.42,0.06,0.27069473151743456,0,0.31419766535747223,1
1456,US,Group_A,Religion_B,married,full_time,33,64407.19,670,4098.48,0.061,0.0718576644556494,1,0.0956772539755078,1
1457,US,Group_A,Religion_A,married,self_employed,50,55151.94,631,17261.95,0.319,0.3290804090125513,0,0.422701621846502,1
1458,Germany,Group_A,Religion_C,single,self_employed,36,50170.03,628,15677.57,0.506,0.44789735554835175,1,0.48870941598273115,1
1459,China,Group_A,Religion_A,married,full_time,20,108875.6,590,27878.24,0.337,0.3392944420937946,0,0.27325739462568116,1
1460,UK,Group_D,None/Not disclosed,single,part_time,18,30862.23,605,23815.05,0.168,0.4923398768867682,1,0.5065561970645716,0
1461,India,Group_C,Religion_B,single,full_time,18,111742.72,753,18265.73,0.278,0.03739122181606074,0,0.029070508213999886,1
1462,France,Group_D,Religion_B,single,part_time,45,56286.2,662,22503.04,0.054,0.18169364262809942,0,0.214944992433446,1
1463,US,Group_A,Religion_B,married,full_time,24,57832.97,742,22339.49,0.18,0.0999557437678161,1,0.11410615913662445,1
1464,UK,Group_B,None/Not disclosed,single,unemployed,42,8000.0,706,36932.01,0.534,0.8231068945299401,1,0.785916066731207,0
1465,Singapore,Group_A,Religion_A,married,student,40,24580.41,605,20280.27,0.216,0.7188096565009399,1,0.7259643852754805,0
1466,Singapore,Group_B,Religion_A,single,full_time,37,68664.17,546,11870.31,0.327,0.46033574065424554,1,0.4723295508129337,1
1467,Germany,Group_A,Religion_A,married,full_time,43,54353.11,600,19786.51,0.659,0.6464879461688188,1,0.6095915676764507,0
1468,US,Group_A,Religion_C,single,full_time,40,60814.32,620,1000.0,0.126,0.1327041705230156,0,0.17398485516212536,1
1469,Canada,Group_B,None/Not disclosed,married,self_employed,18,55562.99,614,17706.17,0.425,0.43995217106888496,1,0.46204590770578047,1
1470,US,Group_A,Religion_A,married,part_time,34,56706.69,744,27836.84,0.228,0.13718586403948957,0,0.1333878177209496,1
1471,China,Group_A,None/Not disclosed,single,full_time,43,82365.58,743,23419.66,0.172,0.06774247294215295,0,0.07769083267231842,1
1472,US,Group_B,Religion_A,single,self_employed,58,94201.87,836,20687.0,0.122,0.02,0,0.02273123916505213,1
1473,US,Group_A,Religion_C,married,full_time,58,87832.1,613,23843.15,0.36,0.3340250537941608,1,0.34176100164423484,1
1474,Germany,Group_D,Religion_A,widowed,full_time,22,62528.11,766,27929.31,0.062,0.06901707299936534,0,0.0839089334578782,1
1475,Germany,Group_B,Religion_B,divorced,full_time,34,67343.25,789,30827.1,0.07,0.056521152326845486,0,0.07160789195764575,1
1476,Germany,Group_C,Religion_C,single,full_time,19,88510.36,653,22027.1,0.126,0.138767219390449,0,0.13874605839467333,1
1477,Germany,Group_B,Religion_B,married,full_time,56,100397.62,706,15155.0,0.372,0.08360208924422356,0,0.0808466624547393,1
1478,China,Group_B,Religion_A,single,full_time,50,105212.44,763,1000.0,0.187,0.02,0,0.015568160879613848,1
1479,Germany,Group_B,None/Not disclosed,single,full_time,42,70860.0,666,26803.56,0.147,0.19805110189327438,1,0.23459325628249716,1
1480,Germany,Group_C,None/Not disclosed,married,unemployed,40,19999.31,656,22636.82,0.451,0.7463178203876274,1,0.7038977603844464,0
1481,Germany,Group_B,Religion_B,married,full_time,55,93944.3,623,19373.94,0.062,0.13748116030928664,0,0.17258422206297422,1
1482,US,Group_A,Religion_C,married,unemployed,53,17277.37,474,11807.54,0.526,0.92,0,0.9443720902430728,0
1483,France,Group_A,None/Not disclosed,married,part_time,52,23508.07,675,26686.37,0.266,0.4076089754346327,0,0.46270667123199144,1
1484,US,Group_B,Religion_A,single,self_employed,43,46657.33,617,15684.87,0.204,0.3233513203469166,1,0.4430029757278568,1
1485,Singapore,Group_A,None/Not disclosed,married,full_time,34,71419.73,589,17690.2,0.089,0.26232945370111477,1,0.3086775686741468,1
1486,US,Group_A,Religion_A,single,self_employed,47,80065.21,702,17496.1,0.259,0.10468223422553911,0,0.137236731077139,1
1487,China,Group_A,None/Not disclosed,single,full_time,48,112370.09,561,22048.67,0.106,0.23181846891626057,0,0.2458020241586972,1
1488,Germany,Group_B,Religion_A,single,full_time,36,40979.91,730,7662.31,0.448,0.14583675739238816,0,0.1576136949552054,1
1489,China,Group_A,Religion_A,divorced,full_time,34,61692.48,706,23062.97,0.333,0.19225388325957618,0,0.19972245700968216,1
1490,Germany,Group_B,Religion_B,married,full_time,52,68230.35,640,11512.0,0.567,0.3275457586885082,0,0.3122105030272286,1
1491,US,Group_C,Religion_B,single,student,58,16988.04,649,11827.77,0.134,0.4925167913055117,0,0.563898258898863,0
1492,India,Group_C,None/Not disclosed,married,student,29,8252.16,565,25967.16,0.087,0.840074610625369,1,0.8602758493709545,0
1493,Singapore,Group_A,None/Not disclosed,divorced,self_employed,35,55223.59,726,9044.74,0.105,0.06082440713622004,0,0.09832123313441415,1
1494,India,Group_B,Religion_A,divorced,full_time,42,39452.6,684,25950.98,0.72,0.5714200557049445,1,0.534460651883877,0
1495,Germany,Group_B,Religion_A,married,unemployed,44,25722.24,661,18912.3,0.289,0.5889564761247431,1,0.5744974522752786,0
1496,Singapore,Group_A,Religion_B,single,self_employed,32,61328.17,708,3165.51,0.292,0.079683205535423,0,0.10504768670096368,1
1497,India,Group_B,Religion_B,married,full_time,61,60144.57,622,30280.28,0.22,0.4143552547112678,0,0.4936136893578959,1
1498,Singapore,Group_A,Religion_B,married,full_time,43,70915.29,556,20792.28,0.467,0.6029991535035413,0,0.5859834389025492,0
1499,UK,Group_D,None/Not disclosed,married,part_time,44,42725.05,714,21547.13,0.132,0.14923292415415404,0,0.177354942198861,1
1500,Singapore,Group_A,None/Not disclosed,married,full_time,59,50566.59,722,27065.18,0.252,0.1913185069784949,0,0.24921299730046637,1
